hotel_id,hotel_name,hotel_rank,hotel_type,brand_id,area_id,hotel_placedetails,hotel_linkplace,hotel_jfameplace,hotel_image,hotel_price_average,hotel_desc,hotel_tag_keyword,hotel_view,hotel_status,created_at,updated_at,deleted_at
2,Meliá Vinpearl Riverfront,5,2,3,8,"341, Trần Hưng Đạo, Quận Sơn Trà, Đà Nẵng, Việt Nam","16.0709238,108.2287754","<iframe src=\""https://www.google.com/maps/embed?pb=!1m18!1m12!1m3!1d3833.8972672079885!2d108.22710671468417!3d16.070819988879943!2m3!1f0!2f0!3f0!3m2!1i1024!2i768!4f13.1!3m3!1m2!1s0x3142182ef14654ad%3A0x12b541ef197a770e!2zMzQxIMSQLiBUcuG6p24gSMawbmcgxJDhuqFvLCBBbiBI4bqjaSBC4bqvYywgU8ahbiBUcsOgLCDEkMOgIE7hurVuZyA1NTAwMDAsIFZp4buHdCBOYW0!5e0!3m2!1svi!2s!4v1671884682824!5m2!1svi!2s\"" width=\""784\"" height=\""146\"" style=\""border:0;\"" allowfullscreen=\""\"" loading=\""lazy\"" referrerpolicy=\""no-referrer-when-downgrade\""></iframe>",photos41.jfif,1311127,"Meliá Vinpearl Riverfront Đà Nẵng là khách sạn 5 sao cao cấp tọa lạc tại 341 Trần Hưng Đạo, Quận Sơn Trà, Đà Nẵng, ngay bên bờ sông Hàn thơ mộng và đối diện Cầu Rồng – biểu tượng nổi tiếng của thành phố. Với vị trí đắc địa, khách sạn mang đến tầm nhìn toàn cảnh tuyệt đẹp ra biển, sông và trung tâm thành phố, là lựa chọn hoàn hảo cho du khách nghỉ dưỡng hoặc công tác.\r\n\r\nKhách sạn sở hữu tổ hợp phòng nghỉ và căn hộ sang trọng, được thiết kế hiện đại, tinh tế theo tiêu chuẩn quốc tế. Mỗi phòng đều được trang bị TV màn hình phẳng, minibar, khu vực tiếp khách, bếp nhỏ, phòng tắm riêng cao cấp với bồn tắm và đồ vệ sinh miễn phí. Nhiều phòng có ban công riêng với tầm nhìn hướng sông hoặc biển.\r\n\r\nTiện ích và dịch vụ tại Meliá Vinpearl Riverfront:\r\n\r\nHồ bơi vô cực ngoài trời với tầm nhìn hướng sông Hàn.\r\n\r\nNhà hàng và quầy bar sang trọng, phục vụ ẩm thực Việt Nam, quốc tế và buffet sáng phong phú.\r\n\r\nPhòng gym, spa và khu vui chơi trẻ em, đáp ứng nhu cầu của mọi lứa tuổi.\r\n\r\nDịch vụ hội nghị – sự kiện chuyên nghiệp, cùng đội ngũ nhân viên thân thiện, chu đáo.\r\n\r\nDịch vụ đưa đón sân bay, thuê xe và lễ tân 24/7.\r\n\r\nTừ khách sạn, du khách chỉ mất vài phút để di chuyển đến Cầu Rồng (1 km), Biển Mỹ Khê (2 km), Chợ Hàn (1,5 km) và Sân bay Quốc tế Đà Nẵng (5 km).\r\n\r\nVới vị trí lý tưởng, tầm nhìn tuyệt đẹp và dịch vụ đẳng cấp quốc tế, Meliá Vinpearl Riverfront Đà Nẵng là điểm đến hoàn hảo để tận hưởng kỳ nghỉ sang trọng giữa trung tâm thành phố biển.","Khách Sạn Đà Nẵng , Khách Sạn Căn Hộ , Khách Sạn 5 Sao , Furama",26,1,2022-10-31 15:25:53,2025-10-26 04:04:40,NULL
3,Mường Thanh Luxury,5,1,1,7,"270 Võ Nguyên Giáp, Bắc Mỹ Phú, Ngũ Hành Sơn, Đà Nẵng, Việt Nam","16.0537175,108.2447887","<iframe src=\""https://www.google.com/maps/embed?pb=!1m18!1m12!1m3!1d3919.18102971533!2d106.66985131462272!3d10.797442992307275!2m3!1f0!2f0!3f0!3m2!1i1024!2i768!4f13.1!3m3!1m2!1s0x317529296adecd7d%3A0x8b457ab0f7a96429!2zMjYxQyBOZ3V54buFbiBWxINuIFRy4buXaSwgUGjGsOG7nW5nIDEwLCBQaMO6IE5odeG6rW4sIFRow6BuaCBwaOG7kSBI4buTIENow60gTWluaCwgVmnhu4d0IE5hbQ!5e0!3m2!1svi!2s!4v1671886533294!5m2!1svi!2s\"" width=\""784\"" height=\""146\"" style=\""border:0;\"" allowfullscreen=\""\"" loading=\""lazy\"" referrerpolicy=\""no-referrer-when-downgrade\""></iframe>",logo_4_219090750.jpg,1490564,"Mường Thanh Luxury Đà Nẵng là khách sạn 5 sao cao cấp nằm tại 270 Võ Nguyên Giáp, phường Bắc Mỹ Phú, quận Ngũ Hành Sơn, TP. Đà Nẵng. \r\n Với vị trí sát biển Mỹ Khê, chỉ vài bước chân tới bãi biển và cách sân bay quốc tế Đà Nẵng khoảng 5–6 km, khách sạn mang đến trải nghiệm nghỉ dưỡng đẳng cấp giữa thiên nhiên và thành phố. \r\nKhách sạn cung cấp hệ thống phòng nghỉ sang trọng, thiết kế hiện đại với đầy đủ tiện nghi như điều hòa, TV màn hình phẳng, minibar, két an toàn, phòng tắm riêng với bồn tắm hoặc vòi sen, đồng thời nhiều phòng có ban công hoặc cửa sổ hướng biển hoặc thành phố. \r\nTiện ích và dịch vụ tại Mường Thanh Luxury Đà Nẵng:\r\nHồ bơi ngoài trời ở tầng cao với view biển. \r\nKhách Sạn Cửa Đồng\r\nSpa & gym hiện đại, phòng xông hơi/sauna. \r\nKhách Sạn Cửa Đồng\r\nNhà hàng & quầy bar đa dạng, phòng tiệc/hội nghị chuyên nghiệp. \r\n\r\nLễ tân 24/7, dịch vụ thuê xe, đặt tour và đón sân bay.\r\n\r\nVị trí thuận lợi giúp du khách dễ dàng di chuyển đến:\r\n\r\nBãi biển Mỹ Khê ngay sát khách sạn.\r\n\r\nSân bay quốc tế Đà Nẵng cách khoảng 5–6 km. \r\n\r\nCác điểm du lịch như cầu Rồng, bán đảo Sơn Trà, phố cổ Hội An đều trong tầm di chuyển thuận tiện từ khách sạn.\r\n\r\nVới tiêu chuẩn 5 sao, vị trí ven biển đắc địa và dịch vụ hoàn hảo, Mường Thanh Luxury Đà Nẵng là lựa chọn lý tưởng cho kỳ nghỉ dưỡng, công tác hoặc các sự kiện đặc biệt tại thành phố biển.","Mường Thanh Luxury Đà Nẵng , Khách Sạn Đà Nẵng , Khách Sạn 5 Sao , Khách Sạn Ở Ngủ Hành Sơn",49,1,2022-10-31 16:10:05,2025-10-26 05:38:18,NULL
4,Sheraton Grand Resort,5,3,7,7,"35, Trường Sa, Quận Ngũ Hành Sơn, Đà Nẵng, Việt Nam","15.9806685,108.2760168","<iframe src=\""https://www.google.com/maps/embed?pb=!1m18!1m12!1m3!1d3835.6309412560363!2d108.2741414146829!3d15.980638088935654!2m3!1f0!2f0!3f0!3m2!1i1024!2i768!4f13.1!3m3!1m2!1s0x314210e4d62aa785%3A0xc4299b51ed1ecdb!2zMzUgVHLGsOG7nW5nIFNhLCBIb8OgIEjhuqNpLCBOZ8WpIEjDoG5oIFPGoW4sIMSQw6AgTuG6tW5nIDU1MDAwMCwgVmnhu4d0IE5hbQ!5e0!3m2!1svi!2s!4v1671886443477!5m2!1svi!2s\"" width=\""784\"" height=\""146\"" style=\""border:0;\"" allowfullscreen=\""\"" loading=\""lazy\"" referrerpolicy=\""no-referrer-when-downgrade\""></iframe>",25336767131.jfif,1381737,"Sheraton Grand Danang Beach Resort & Spa là khu nghỉ dưỡng 5 sao thuộc thương hiệu Sheraton, tọa lạc tại 35 Trường Sa, phường Hòa Hải, quận Ngũ Hành Sơn, TP. Đà Nẵng, 550000, Việt Nam. \r\n\r\nKhách sạn nằm bên bãi biển Non Nước Beach — một trong những bãi biển đẹp của Đà Nẵng, cách trung tâm thành phố và sân bay quốc tế khoảng 14 km. \r\nKhách sạn có các phòng nghỉ và suite sang trọng, thiết kế hiện đại với ban công riêng, được trang bị đầy đủ tiện nghi như màn hình TV lớn, minibar, phòng tắm ốp đá cẩm thạch, cửa sổ kính lớn hướng biển hoặc hồ bơi. \r\nTiện ích và dịch vụ nổi bật tại Sheraton Grand Danang Beach Resort & Spa:\r\nHồ bơi vô cực dài khoảng 250 m, nối liền khu nghỉ dưỡng với bãi biển. \r\nSpa cao cấp “Shine Spa for Sheraton”, trung tâm thể dục hiện đại. \r\nNhà hàng đa dạng như “The Grill” (steak & seafood), “Table 88” (ẩm thực Á-Âu) và bar tầng cao. \r\nBãi biển riêng, sân chơi trẻ em, khu vực tổ chức hội nghị và tiệc cưới chuyên nghiệp. \r\n\r\nVị trí & di chuyển:\r\nCách Sân bay Quốc tế Đà Nẵng khoảng 14 km. \r\nGần các điểm tham quan như bán đảo Sơn Trà, Ngũ Hành Sơn, rất thuận lợi để kết hợp nghỉ dưỡng và khám phá.\r\nVới vị trí ven biển đắc địa, dịch vụ đạt chuẩn quốc tế và nhiều tiện ích đa dạng, Sheraton Grand Danang Beach Resort & Spa là lựa chọn lý tưởng cho kỳ nghỉ cao cấp tại Đà Nẵng.","Sheraton Grand Danang Resort , Khách Sạn 5 Sao , Khách Sạn Đà Nẵng",9,1,2022-10-31 16:14:20,2025-10-26 04:07:50,NULL
5,The Nalod,5,1,8,8,"192, Võ Nguyên Giáp, Quận Sơn Trà, Đà Nẵng, Việt Nam","16.0719468,108.244688","<iframe src=\""https://www.google.com/maps/embed?pb=!1m18!1m12!1m3!1d3833.8725803045395!2d108.24246751468422!3d16.072100588879188!2m3!1f0!2f0!3f0!3m2!1i1024!2i768!4f13.1!3m3!1m2!1s0x31421785e94b3369%3A0x246143110cfb08cd!2zMTkyIFbDtSBOZ3V5w6puIEdpw6FwLCBQaMaw4bubYyBN4bu5LCBTxqFuIFRyw6AsIMSQw6AgTuG6tW5nIDU1MDAwMCwgVmnhu4d0IE5hbQ!5e0!3m2!1svi!2s!4v1671886664875!5m2!1svi!2s\"" width=\""768\"" height=\""146\"" style=\""border:0;\"" allowfullscreen=\""\"" loading=\""lazy\"" referrerpolicy=\""no-referrer-when-downgrade\""></iframe>",logo_4_219146764.jpg,1274957,"The Nalod Đà Nẵng là khách sạn 5 sao nằm tại 192 Võ Nguyên Giáp, phường An Hải (hoặc Phước Mỹ), quận Sơn Trà, TP. Đà Nẵng, Việt Nam. \r\n Với vị trí sát bãi biển Mỹ Khê và nằm ngay tuyến đường ven biển đẹp, khách sạn mang đến tầm nhìn hướng ra biển và công viên biển Đông, thích hợp cho nghỉ dưỡng và công tác. \r\nKhách sạn có hơn 250 phòng nghỉ hiện đại với thiết kế sang trọng, nhiều phòng có cửa sổ hoặc ban công hướng biển. Mỗi phòng được trang bị những tiện nghi chuẩn quốc tế như TV màn hình phẳng, minibar, két an toàn, khu vực tiếp khách, phòng tắm riêng… \r\nTiện ích và dịch vụ tại The Nalod Đà Nẵng:\r\nHồ bơi ngoài trời, phòng gym, spa với liệu trình thư giãn.\r\nHệ thống nhà hàng & quầy bar đa dạng phục vụ ẩm thực Việt Nam và quốc tế. \r\n08 phòng hội nghị – sự kiện chuyên nghiệp, phù hợp cả cho khách công tác và đoàn du lịch. \r\nDịch vụ lễ tân 24/7, đặt tour, thuê xe, phục vụ khách nghỉ dưỡng và tổ chức sự kiện. \r\n\r\nVị trí thuận lợi giúp du khách dễ di chuyển đến:\r\nBãi biển Mỹ Khê ngay sát khách sạn. \r\nSân bay quốc tế Đà Nẵng cách khoảng 10–15 phút lái xe. \r\nCác điểm tham quan như Cầu Rồng, chợ Hàn, và phố cổ Hội An đều trong tầm tay từ khách sạn. \r\n\r\nVới vị trí đắc địa ven biển, thiết kế hiện đại và dịch vụ chuẩn quốc tế, The Nalod Đà Nẵng là lựa chọn lý tưởng cho cả du khách nghỉ dưỡng gia đình, cặp đôi hoặc khách công tác đến thành phố biển này.","Khách sạn The Nalod Đà Nẵng , Khách Sạn Đà Nẵng , Khách Sạn 5 Sao , Khách Sạn Giá Rẻ",11,1,2022-10-31 16:18:01,2025-10-26 04:09:33,NULL
6,Khách sạn Grand Tourane,5,1,4,8,"252, Võ Nguyên Giáp, Quận Sơn Trà, Đà Nẵng, Việt Nam","16.0617746,108.2459532","<iframe src=\""https://www.google.com/maps/embed?pb=!1m18!1m12!1m3!1d3834.0637409996807!2d108.24367861442758!3d16.06218178888529!2m3!1f0!2f0!3f0!3m2!1i1024!2i768!4f13.1!3m3!1m2!1s0x31421782774c398d%3A0x47f7157ebefa8dfd!2zMjUyIFbDtSBOZ3V5w6puIEdpw6FwLCBQaMaw4bubYyBN4bu5LCBTxqFuIFRyw6AsIMSQw6AgTuG6tW5nIDU1MDAwMCwgVmnhu4d0IE5hbQ!5e0!3m2!1svi!2s!4v1671783741511!5m2!1svi!2s\"" width=\""784\"" height=\""146\"" style=\""border:0;\"" allowfullscreen=\""\"" loading=\""lazy\"" referrerpolicy=\""no-referrer-when-downgrade\""></iframe>",jun20---grand-tourane---edit-beach-20.jpg,1523515,"Grand Tourane Hotel Đà Nẵng là khách sạn 5 sao tọa lạc tại 252 Võ Nguyên Giáp, phường Phước Mỹ (khu vực Sơn Trà), TP. Đà Nẵng. \r\n Với vị trí sát bãi biển Mỹ Khê Beach – một trong những bãi biển nổi tiếng nhất Đà Nẵng – và chỉ cách trung tâm thành phố vài phút lái xe, khách sạn mang đến trải nghiệm nghỉ dưỡng đẳng cấp, dễ dàng kết hợp giữa thư giãn và khám phá. \r\nKhách sạn có khoảng 188–189 phòng và suite được thiết kế hiện đại, sang trọng với nhiều phòng hướng biển hoặc hướng thành phố. \r\n Mỗi phòng đều được trang bị đầy đủ tiện nghi như máy điều hòa, TV màn hình phẳng, minibar, két an toàn, khu vực ghế ngồi, phòng tắm riêng với bồn tắm và vòi sen. Một số phòng có ban công hoặc cửa sổ hướng biển, mang lại tầm nhìn rộng và cảm giác thư giãn tuyệt vời. \r\n\r\nTiện ích và dịch vụ tại Grand Tourane Hotel:\r\n\r\nHồ bơi ngoài trời và quầy Pool Bar – lý tưởng để nghỉ ngơi bên bãi biển hoặc thư giãn với tầm nhìn biển. \r\nTrung tâm thể hình, spa “Serenity Spa”, sân tennis và nhiều hoạt động giải trí phù hợp cho gia đình và du khách nghỉ dưỡng. \r\nNhà hàng Bella Vista phục vụ buffet và ẩm thực quốc tế, quầy bar Lobby & Pool, dịch vụ phòng và lễ tân 24/7. \r\n\r\nCác phòng hội nghị – sự kiện chuyên nghiệp, gồm grand ballroom và nhiều phòng nhỏ hơn hướng biển – phù hợp cho khách công tác và tổ chức tiệc cưới. \r\n\r\nVị trí thuận lợi giúp du khách dễ dàng di chuyển đến:\r\n\r\nBãi biển Mỹ Khê nằm ngay sát khách sạn. \r\n\r\nCách Cầu Rồng và Chợ Hàn khoảng 2–3 km. \r\n\r\nCách Sân bay Quốc tế Đà Nẵng khoảng 13–16 phút lái xe (tùy giao thông). \r\n\r\nVới vị trí ven biển đẹp, thiết kế tinh tế và dịch vụ chuẩn quốc tế, Grand Tourane Hotel Đà Nẵng là lựa chọn lý tưởng cho du khách muốn nghỉ dưỡng cao cấp, tận hưởng không gian thư giãn hoặc kết hợp công tác tại thành phố biển năng động này.","Khách Sạn Đà Nẵng, Khách Sạn Giá Rẻ, Khách Sạn 5 Sao, Khách Sạn",25,1,2022-12-23 08:25:26,2025-10-26 04:12:37,NULL
7,Khách Sạn Radisson,5,1,6,3,"170, Võ Nguyên Giáp, Quận Sơn Trà, Đà Nẵng, Việt Nam","16.0740563,108.2447484","<iframe src=\""https://www.google.com/maps/embed?pb=!1m18!1m12!1m3!1d3833.8357314520135!2d108.24257151468422!3d16.074011888878008!2m3!1f0!2f0!3f0!3m2!1i1024!2i768!4f13.1!3m3!1m2!1s0x314217d00cf9d865%3A0xd905b4d0179104a2!2zMTcwIFbDtSBOZ3V5w6puIEdpw6FwLCBQaMaw4bubYyBN4bu5LCBTxqFuIFRyw6AsIMSQw6AgTuG6tW5nIDU1MDAwMCwgVmnhu4d0IE5hbQ!5e0!3m2!1svi!2s!4v1671784649933!5m2!1svi!2s\"" width=\""784\"" height=\""146\"" style=\""border:0;\"" allowfullscreen=\""\"" loading=\""lazy\"" referrerpolicy=\""no-referrer-when-downgrade\""></iframe>",overview-264.jpg,3520000,"Radisson Hotel Danang là khách sạn 5 sao tọa lạc tại 170 Võ Nguyên Giáp, phường Phước Mỹ, quận Sơn Trà, TP. Đà Nẵng 550000, Việt Nam. \r\n\r\n Với vị trí ven biển sát bãi biển Mỹ Khê Beach — một trong những bãi biển nổi tiếng của Đà Nẵng — khách sạn mang đến trải nghiệm nghỉ dưỡng sang trọng kết hợp với dịch vụ chuyên nghiệp. \r\n\r\nKhách sạn có khoảng 182 phòng và suite được thiết kế hiện đại, sang trọng, nhiều phòng có ban công hoặc cửa sổ hướng biển hoặc thành phố. \r\n\r\n Mỗi phòng được trang bị tiện nghi như điều hòa, TV màn hình phẳng, minibar, két an toàn, phòng tắm riêng với vòi sen hoặc bồn tắm và đồ dùng vệ sinh cao cấp. \r\n\r\nTiện ích và dịch vụ tại Radisson Hotel Danang:\r\n\r\nHồ bơi vô cực trên tầng mái với tầm nhìn ra biển. \r\n\r\nNhà hàng “The Market Place” phục vụ ẩm thực Việt Nam và quốc tế, cùng bar rooftop “Vivid Bar”. \r\n\r\nSpa & trung tâm thể hình hiện đại, dịch vụ lễ tân 24/7, hội nghị & sự kiện chuyên nghiệp. \r\n\r\nWiFi miễn phí, bãi đỗ xe và dịch vụ đưa đón sân bay. \r\n\r\nVị trí thuận lợi giúp du khách dễ dàng di chuyển đến:\r\n\r\nCầu Rồng và chợ Hàn khoảng 2 – 3 km. \r\n\r\nSân bay quốc tế Sân bay Quốc tế Đà Nẵng cách khoảng 10 phút lái xe. \r\n\r\nBãi biển Mỹ Khê ngay sát khách sạn (chỉ vài bước chân). \r\n\r\nVới vị trí đẹp ven biển, thiết kế hiện đại và dịch vụ chuẩn quốc tế, Radisson Hotel Danang là lựa chọn lý tưởng cho du khách muốn kết hợp nghỉ dưỡng và trải nghiệm thành phố biển Đà Nẵng.","Khách Sạn Đà Nẵng, Khách Sạn Giá Rẻ, Khách Sạn 5 Sao, Khách Sạn",31,1,2022-12-23 08:41:06,2025-10-26 04:14:40,NULL
8,Khách Sạn Greenery,5,2,7,8,"76, Hà Bổng, Quận Sơn Trà, Đà Nẵng, Việt Nam","16.0658684,108.2442025","<iframe src=\""https://www.google.com/maps/embed?pb=!1m18!1m12!1m3!1d3833.9922455345704!2d108.24202731468412!3d16.065892188883037!2m3!1f0!2f0!3f0!3m2!1i1024!2i768!4f13.1!3m3!1m2!1s0x31421783db8441bf%3A0x18ad9c2b70cbf84f!2zNzYgSMOgIELhu5VuZywgUGjGsOG7m2MgTeG7uSwgU8ahbiBUcsOgLCDEkMOgIE7hurVuZyA1NTAwMDAsIFZp4buHdCBOYW0!5e0!3m2!1svi!2s!4v1671786009182!5m2!1svi!2s\"" width=\""784\"" height=\""146\"" style=\""border:0;\"" allowfullscreen=\""\"" loading=\""lazy\"" referrerpolicy=\""no-referrer-when-downgrade\""></iframe>",21517648528.jpg,1573333,"Greenery Hotel Đà Nẵng là khách sạn (hạng khoảng 3-4 sao) tọa lạc tại 76 Hà Bổng, phường Phước Mỹ, quận Sơn Trà, TP. Đà Nẵng, Việt Nam. \r\n\r\n Với vị trí gần bãi biển Bãi biển Mỹ Khê và trong khu vực thuận tiện để di chuyển đến trung tâm và sân bay, khách sạn là lựa chọn phù hợp cho cả du khách nghỉ dưỡng và công tác. \r\n\r\nKhách sạn cung cấp các phòng nghỉ tiện nghi với thiết kế hiện đại, mỗi phòng được trang bị điều hòa, TV màn hình phẳng, minibar (hoặc tủ lạnh nhỏ), phòng tắm riêng với vòi sen và đồ dùng vệ sinh cá nhân. \r\n\r\n Nhiều phòng có cửa sổ hoặc ban công nhìn ra biển hoặc hướng thành phố, mang lại cảm giác thoáng đãng và thư giãn.\r\n\r\nTiện ích và dịch vụ tại Greenery Hotel Đà Nẵng:\r\n\r\nHồ bơi ngoài trời (trên mái hoặc tầng cao) với tầm nhìn hướng biển hoặc thành phố. \r\n\r\nNhà hàng & quầy bar phục vụ ẩm thực Việt Nam và quốc tế.\r\n\r\nPhòng gym/fitness centre, khu vực spa hoặc sauna nhỏ gọn (theo thông tin). \r\n\r\nDịch vụ lễ tân 24/7, wifi miễn phí trong toàn khách sạn, bãi đỗ xe và dịch vụ thuê xe/đặt tour (theo khả năng khách sạn cung cấp).\r\n\r\nVị trí thuận lợi giúp du khách dễ dàng di chuyển đến:\r\n\r\nCách Bãi biển Mỹ Khê chỉ vài trăm mét/ vài phút đi bộ. \r\n\r\nCách Cầu Rồng và Chợ Hàn khoảng 2-3 km (tuỳ cung đường) — thuận tiện để tham quan trung tâm. \r\n\r\nCách Sân bay Quốc tế Đà Nẵng khoảng 6-10 km (khoảng 10-15 phút đi xe tuỳ giao thông). \r\n\r\nVới phong cách phục vụ thân thiện, vị trí gần biển và giá cả tương đối hợp lý, Greenery Hotel Đà Nẵng là điểm dừng chân phù hợp cho du khách mong muốn một kỳ nghỉ thư giãn, tiện nghi giữa lòng thành phố biển.","Khách Sạn Đà Nẵng, Khách Sạn Giá Rẻ, Khách Sạn 5 Sao, Khách Sạn",5,1,2022-12-23 09:02:17,2025-10-26 04:16:23,NULL
9,Mikazuki Japanese,5,2,5,6,"Xuân Thiều, Nguyễn Tất Thành, Quận Liên Chiểu, Đà Nẵng, Việt Nam","16.0934525,108.1439935","<iframe src=\""https://www.google.com/maps/embed?pb=!1m18!1m12!1m3!1d61330.78870377386!2d108.05897135820311!3d16.108282200000012!2m3!1f0!2f0!3f0!3m2!1i1024!2i768!4f13.1!3m3!1m2!1s0x31421f1ab2abda73%3A0x51f7f0fd3e3a9f0!2zxJDDrG5oIGzDoG5nIFh1w6JuIFRoaeG7gXU!5e0!3m2!1svi!2s!4v1671787255484!5m2!1svi!2s\"" width=\""784 \"" height=\""146\"" style=\""border:0;\"" allowfullscreen=\""\"" loading=\""lazy\"" referrerpolicy=\""no-referrer-when-downgrade\""></iframe>",_ika932050.jpg,3851149,"Mikazuki Japanese Resorts & Spa Đà Nẵng là khu nghỉ dưỡng 5 sao cao cấp nằm tại Khu Du Lịch Xuân Thiều, đường Nguyễn Tất Thành, phường Hòa Hiệp Nam, quận Liên Chiểu, TP. Đà Nẵng, Việt Nam. \r\n Với vị trí bên bờ biển và gần sân bay, khách sạn mang đến trải nghiệm nghỉ dưỡng đẳng cấp đầy phong cách Nhật Bản. \r\nKhách sạn sở hữu hàng trăm phòng nghỉ và villa sang trọng (khu khách sạn 22 tầng với 294 phòng & khu villa Hinode hướng vườn) được thiết kế hiện đại, đẳng cấp theo tiêu chuẩn Nhật Bản. \r\n Mỗi phòng đều được trang bị đầy đủ tiện nghi như máy điều hòa, TV màn hình phẳng, minibar, két an toàn, phòng tắm riêng với vòi sen hoặc bồn tắm, và nhiều phòng có ban công hoặc tầm nhìn hướng biển. \r\n\r\nTiện ích và dịch vụ tại Mikazuki Japanese Resorts & Spa Đà Nẵng:\r\nHồ bơi vô cực và hệ thống hồ bơi ngoài trời/ trong nhà lớn, bao gồm Onsen (tắm khoáng nóng), khu vui chơi trẻ em, khu Water Park 365 với các máng trượt nước và khu giải trí. \r\nNhà hàng & quầy bar với ẩm thực Nhật – Việt – quốc tế, các lựa chọn Spa & wellness chuẩn Nhật. \r\nDịch vụ hội nghị & sự kiện chuyên nghiệp lớn, lễ tân 24/7, đưa đón sân bay, thuê xe và đặt tour dễ dàng. \r\nVị trí thuận lợi giúp du khách dễ dàng di chuyển đến:\r\nCách sân bay quốc tế TP. Đà Nẵng khoảng 10–15 phút lái xe. \r\nGần bãi biển và có tầm nhìn ra biển – vị trí đẹp cho nghỉ dưỡng. \r\nVới vị trí ven biển độc đáo, thiết kế hiện đại mang nét Nhật Bản và dịch vụ đạt chuẩn quốc tế, Mikazuki Japanese Resorts & Spa Đà Nẵng là lựa chọn lý tưởng cho kỳ nghỉ dưỡng sang trọng, vui chơi giải trí và thư giãn trọn vẹn tại Đà Nẵng.","Khách Sạn Đà Nẵng, Khách Sạn Giá Rẻ, Khách Sạn 5 Sao, Khách Sạn",12,1,2022-12-23 09:22:40,2025-10-26 04:20:50,NULL
10,Le Sands Oceanfront,5,1,4,3,"28, Võ Nguyên Giáp, Quận Sơn Trà, Đà Nẵng, Việt Nam","16.0862038,108.2482873","<iframe src=\""https://www.google.com/maps/embed?pb=!1m18!1m12!1m3!1d3833.6007127343964!2d108.24597771468444!3d16.08619678887048!2m3!1f0!2f0!3f0!3m2!1i1024!2i768!4f13.1!3m3!1m2!1s0x314217f2933aadc9%3A0xe74acb433414a474!2zMjggVsO1IE5ndXnDqm4gR2nDoXAsIE3Dom4gVGjDoWksIFPGoW4gVHLDoCwgxJDDoCBO4bq1bmcgNTUwMDAwLCBWaeG7h3QgTmFt!5e0!3m2!1svi!2s!4v1671819483250!5m2!1svi!2s\"" width=\""784 \"" height=\""146\"" style=\""border:0;\"" allowfullscreen=\""\"" loading=\""lazy\"" referrerpolicy=\""no-referrer-when-downgrade\""></iframe>",le-sands-pool-31.jpg,4397606,"Le Sands Oceanfront Danang Hotel là khách sạn 4 sao sang trọng tọa lạc tại 28 Võ Nguyên Giáp, phường Mân Thái / phường Man Thái (Quận Sơn Trà), TP. Đà Nẵng, Việt Nam. \r\nVới vị trí trực diện biển, chỉ cách bãi biển My Khe Beach vài phút đi bộ, khách sạn mang đến trải nghiệm nghỉ dưỡng hiện đại, rất phù hợp cho cặp đôi, nhóm bạn hoặc gia đình. \r\nKhách sạn sở hữu gần 106 phòng & căn hộ/residence được thiết kế đương đại với ban công hướng biển hoặc thành phố, đầy đủ tiện nghi chuẩn 4 sao như TV màn hình phẳng, minibar, phòng tắm riêng, nhiều phòng có bếp nhỏ hoặc khu vực tiếp khách. \r\nTiện ích và dịch vụ nổi bật tại Le Sands Oceanfront Danang Hotel:\r\nHồ bơi vô cực (infinity pool) trên tầng thượng hoặc khu trệt hướng biển. \r\nNhà hàng & rooftop bar với tầm nhìn biển, phục vụ ẩm thực Á-Âu đa dạng. \r\nTrung tâm thể hình/fitness, spa & wellness, khu vui chơi trẻ em; WiFi tốc độ cao và lễ tân 24/7. \r\nVị trí thuận lợi giúp du khách dễ dàng di chuyển đến:\r\nBãi biển My Khe chỉ vài bước chân từ khách sạn. \r\nCách sân bay Sân bay Quốc tế Đà Nẵng khoảng 7-10 phút lái xe. \r\nCách trung tâm thành phố, chợ Hàn và cầu Rồng khoảng 3-4 km – thuận tiện cho việc đi dạo buổi tối hoặc mua sắm. \r\nVới thiết kế hiện đại, vị trí ven biển đẹp và tiện ích đầy đủ, Le Sands Oceanfront Danang Hotel là lựa chọn lý tưởng cho du khách tìm kiếm sự thoải mái, sang trọng và trải nghiệm nghỉ dưỡng gần biển tại Đà Nẵng.","Khách Sạn Đà Nẵng, Khách Sạn 4 Sao, Khách Sạn Giá Tốt",3,1,2022-12-23 18:21:15,2025-10-26 04:26:13,NULL
11,Khách Sạn Dana Marina,5,3,5,8,"47-49, Võ Văn Kiệt, Quận Sơn Trà, Đà Nẵng, Việt Nam","16.0632051,108.2436205","<iframe src=\""https://www.google.com/maps/embed?pb=!1m18!1m12!1m3!1d3834.0446046670527!2d108.24145801442754!3d16.063174988884622!2m3!1f0!2f0!3f0!3m2!1i1024!2i768!4f13.1!3m3!1m2!1s0x31421781f43f628f%3A0x834bd8d8b2fc3a8a!2zNDcgVsO1IFbEg24gS2nhu4d0LCBQaMaw4bubYyBN4bu5LCBTxqFuIFRyw6AsIMSQw6AgTuG6tW5nIDU1MDAwLCBWaeG7h3QgTmFt!5e0!3m2!1svi!2s!4v1671820290451!5m2!1svi!2s\"" width=\""784 \"" height=\""146\"" style=\""border:0;\"" allowfullscreen=\""\"" loading=\""lazy\"" referrerpolicy=\""no-referrer-when-downgrade\""></iframe>",b5d9b23f063e07ea6f8f7855e9ce2cd213.jpg,3643033,"Dana Marina Hotel Đà Nẵng là khách sạn 4 sao tọa lạc tại 47 Võ Văn Kiệt, Phường Phước Mỹ, Quận Sơn Trà, TP. Đà Nẵng, Việt Nam. \r\n Với vị trí trên tuyến đường ven biển rất thuận tiện và gần bãi biển Mỹ Khê Beach – một trong những bãi biển đẹp nổi tiếng tại Đà Nẵng, khách sạn mang lại trải nghiệm nghỉ dưỡng gọn gàng, tiện nghi giữa thành phố. \r\nKhách sạn cung cấp hệ thống phòng nghỉ hiện đại với khoảng 69 phòng đầy đủ tiện nghi, thiết kế ấm cúng bao gồm điều hòa, TV màn hình phẳng, minibar và phòng tắm riêng. \r\n Nhiều phòng được thiết kế có cửa sổ hoặc ban công hướng ra thành phố hoặc hướng biển, mang lại cảm giác thoáng đãng và thư giãn. \r\nTiện ích và dịch vụ tại Dana Marina Hotel:\r\nHồ bơi và quầy bar trên tầng thượng với tầm nhìn ra thành phố. \r\nNhà hàng trong khuôn viên phục vụ ẩm thực Á-Âu, hải sản, với không gian nhìn ra thành phố. \r\nLễ tân 24/7, dịch vụ đặt tour, thuê xe, đồng thời WiFi miễn phí trong toàn khách sạn. \r\nVị trí thuận lợi giúp du khách dễ dàng di chuyển đến:\r\nBãi biển Mỹ Khê chỉ vài phút đi bộ từ khách sạn. \r\nSân bay quốc tế Sân bay Quốc tế Đà Nẵng cách khoảng 5-10 phút lái xe. \r\nCác điểm tham quan như Cầu Rồng, chợ Hàn cũng rất gần, thuận tiện cho việc đi chơi, mua sắm.\r\n\r\nVới tiêu chuẩn 4 sao, vị trí trung tâm ven biển và dịch vụ tiện nghi, Dana Marina Hotel Đà Nẵng là lựa chọn phù hợp cho du khách mong muốn một kỳ nghỉ thoải mái, gần biển và tiện lợi tại thành phố biển Đà Nẵng.","Khách Sạn Đà Nẵng, Khách Sạn 4 Sao, Khách Sạn Giá Tốt",5,1,2022-12-23 18:33:25,2025-10-26 04:27:43,NULL
12,Khách Sạn Mỹ Khê 2,5,2,6,3,"Số 260, Võ Nguyên Giáp, Quận Sơn Trà, Đà Nẵng, Việt Nam","16.0576447,108.246584","<iframe src=\""https://www.google.com/maps/embed?pb=!1m18!1m12!1m3!1d3834.1541278315212!2d108.24453961468397!3d16.05748978888817!2m3!1f0!2f0!3f0!3m2!1i1024!2i768!4f13.1!3m3!1m2!1s0x314217799fea5be5%3A0x9652c927686996b9!2zMjYwIFbDtSBOZ3V5w6puIEdpw6FwLCBQaMaw4bubYyBN4bu5LCBTxqFuIFRyw6AsIMSQw6AgTuG6tW5nIDU1MDAwMCwgVmnhu4d0IE5hbQ!5e0!3m2!1svi!2s!4v1671820869083!5m2!1svi!2s\"" width=\""784 \"" height=\""146\"" style=\""border:0;\"" allowfullscreen=\""\"" loading=\""lazy\"" referrerpolicy=\""no-referrer-when-downgrade\""></iframe>",z3853685949505_1fee13e181aa11d21e6a45ddcb6c09ba22.jpg,2907143,"My Khe 2 Da Nang Seafront Hotel là khách sạn 3 sao nằm tại 260 Võ Nguyên Giáp, phường Phước Mỹ, quận Sơn Trà, TP. Đà Nẵng, Việt Nam. \r\n Với vị trí ngay sát bãi biển Mỹ Khê Beach, khách sạn mang tới lựa chọn lưu trú tiện lợi, thoải mái và giá cả phải chăng dành cho du khách muốn khám phá Đà Nẵng.\r\n\r\nKhách sạn cung cấp các phòng nghỉ gọn gàng, sạch sẽ với trang bị như máy điều hòa, TV màn hình phẳng, minibar hoặc tủ lạnh nhỏ, cùng phòng tắm riêng với vòi sen hoặc bồn tắm, máy sấy tóc và đồ vệ sinh cá nhân miễn phí. \r\n Một số phòng có ban công hoặc cửa sổ hướng ra biển hoặc thành phố, mang lại cảm giác thoáng đãng và thư giãn. \r\nTiện ích và dịch vụ tại My Khe 2 Da Nang Seafront Hotel:\r\nNhà hàng trong khuôn viên phục vụ ẩm thực địa phương & quốc tế. \r\nDịch vụ lễ tân 24 giờ, hỗ trợ đặt tour, thuê xe máy/ô tô, dịch vụ đón sân bay. \r\nWiFi miễn phí trong toàn khách sạn và bãi đỗ xe miễn phí (theo nguồn). \r\nVị trí thuận lợi giúp du khách dễ dàng di chuyển đến:\r\n\r\nBãi biển Mỹ Khê chỉ vài bước chân từ khách sạn. \r\nCách Cầu Rồng và Chợ Hàn khoảng 2-4 km (tùy giao thông). \r\nCách Sân bay Quốc tế Đà Nẵng khoảng 6-10 km. \r\nVới phong cách phục vụ thân thiện, vị trí sát biển và mức giá phải chăng, My Khe 2 Da Nang Seafront Hotel là lựa chọn phù hợp cho du khách mong muốn kỳ nghỉ thoải mái và tiện nghi tại thành phố biển.","Khách Sạn Đà Nẵng, Khách Sạn 4 Sao, Khách Sạn Giá Tốt",9,1,2022-12-23 18:42:33,2025-10-26 04:29:33,NULL
13,Khách Sạn Bình Dương,5,3,7,3,"32-34, Trần Phú, Quận Hải Châu, Đà Nẵng, Việt Nam","16.0741914,108.2235774","<iframe src=\""https://www.google.com/maps/embed?pb=!1m18!1m12!1m3!1d3833.8321433145784!2d108.22127641442776!3d16.074197988877835!2m3!1f0!2f0!3f0!3m2!1i1024!2i768!4f13.1!3m3!1m2!1s0x31421830644a7547%3A0xef2001d39313c4e7!2zMzIgxJAuIFRy4bqnbiBQaMO6LCBI4bqjaSBDaMOidSAxLCBI4bqjaSBDaMOidSwgxJDDoCBO4bq1bmcgNTUwMDAwLCBWaeG7h3QgTmFt!5e0!3m2!1svi!2s!4v1671821533142!5m2!1svi!2s\"" width=\""784 \"" height=\""146\"" style=\""border:0;\"" allowfullscreen=\""\"" loading=\""lazy\"" referrerpolicy=\""no-referrer-when-downgrade\""></iframe>",1395914098.jpg,2867667,"Bình Dương Resident Hotel Đà Nẵng là khách sạn 3 sao nằm tại 30A-32-34 Trần Phú, phường Hải Châu 1, quận Hải Châu, TP. Đà Nẵng, Việt Nam. \r\nVới vị trí trung tâm gần sông Hàn và các khu mua sắm, khách sạn phù hợp cho du khách lưu trú ngắn hạn hoặc công tác. \r\n\r\nKhách sạn cung cấp các phòng nghỉ tiện nghi với trang bị như điều hòa, TV màn hình phẳng, mini-bar hoặc tủ lạnh nhỏ, phòng tắm riêng gồm vòi sen và máy sấy tóc. Một số phòng có cửa sổ hoặc ban công hướng thành phố. \r\nTiện ích và dịch vụ tại Bình Dương Resident Hotel:\r\nLễ tân 24 giờ và dịch vụ hỗ trợ khách hàng. \r\nWiFi miễn phí trong toàn khách sạn. \r\n\r\nVị trí thuận tiện để tới các điểm như chợ Hàn, sông Hàn, trung tâm thành phố – tuy nhiên thông tin về nhà hàng riêng, hồ bơi hoặc bãi đỗ xe không được xác nhận rõ ràng trong các nguồn. \r\nVị trí thuận lợi giúp du khách dễ dàng di chuyển đến:\r\nCách khoảng 500–600 m đến cầu sông Hàn (Walking distance). \r\nCách Sân bay Quốc tế Đà Nẵng khoảng 4 km từ nhiều nguồn. \r\nVới mức giá phù hợp, vị trí trung tâm và tiện nghi cơ bản, Bình Dương Resident Hotel là lựa chọn hợp lý cho những ai tìm kiếm một nơi lưu trú tiện lợi tại trung tâm Đà Nẵng.","Khách Sạn Đà Nẵng, Khách Sạn 3 Sao, Khách Sạn Giá Tốt",2,1,2022-12-23 18:53:33,2025-10-26 04:31:44,NULL
14,Khách Sạn FIVITEL Queen,5,2,6,3,"155-157, Lê Quang Đạo, Quận Ngũ Hành Sơn, Đà Nẵng, Việt Nam","16.0508078,108.2453481","<iframe src=\""https://www.google.com/maps/embed?pb=!1m18!1m12!1m3!1d3834.281604281671!2d108.24325151468386!3d16.05087018889228!2m3!1f0!2f0!3f0!3m2!1i1024!2i768!4f13.1!3m3!1m2!1s0x3142177b3441c391%3A0xea7f70a7b0426889!2zMTU1LCAxNTcgTMOqIFF1YW5nIMSQ4bqhbywgQuG6r2MgTeG7uSBQaMO6LCBOZ8WpIEjDoG5oIFPGoW4sIMSQw6AgTuG6tW5nIDU1MDAwMCwgVmnhu4d0IE5hbQ!5e0!3m2!1svi!2s!4v1671822116971!5m2!1svi!2s\"" width=\""784 \"" height=\""146\"" style=\""border:0;\"" allowfullscreen=\""\"" loading=\""lazy\"" referrerpolicy=\""no-referrer-when-downgrade\""></iframe>",279.jpg,2290768,"Queen’s Finger Hotel Đà Nẵng là khách sạn khoảng 3 sao nằm tại 155-157 Lê Quang Đạo, phường Mỹ An, quận Ngũ Hành Sơn, TP. Đà Nẵng, Việt Nam. \r\n Khách sạn cách bãi biển Mỹ Khê Beach chỉ vài phút đi bộ, thuận lợi cho du khách nghỉ dưỡng ven biển. \r\nKhách sạn cung cấp các phòng nghỉ tiện nghi, được trang bị điều hòa, TV màn hình phẳng, minibar hoặc tủ lạnh nhỏ, phòng tắm riêng với vòi sen và đồ dùng vệ sinh cá nhân. Một số phòng có ban công hoặc cửa sổ hướng ra biển hoặc hướng thành phố, mang lại cảm giác thư giãn. \r\nTiện ích và dịch vụ tại Queen’s Finger Hotel:\r\nHồ bơi ngoài trời trên sân thượng với tầm nhìn ra biển hoặc hướng thành phố. \r\nNhà hàng và quầy bar phục vụ ẩm thực đa dạng; lễ tân 24/24, dịch vụ cho thuê xe, đặt tour. \r\nReserving\r\nWiFi miễn phí trong toàn bộ khách sạn; bãi đỗ xe miễn phí. \r\nVị trí thuận lợi giúp du khách dễ dàng di chuyển đến:\r\nBãi biển Mỹ Khê chỉ vài bước chân từ khách sạn. \r\nCách Cầu Rồng và chợ Hàn khoảng 2-3 km (tùy giao thông) — thuận tiện cho việc đi chơi buổi tối hoặc mua sắm. \r\nCách sân bay Sân bay quốc tế Đà Nẵng khoảng 5-6 km (khoảng 10-15 phút lái xe tùy giao thông). \r\nVới mức giá hợp lý, vị trí sát bãi biển và dịch vụ tiện nghi — Queen’s Finger Hotel Đà Nẵng là lựa chọn phù hợp cho du khách muốn một kỳ nghỉ gần biển, thoải mái và tiện lợi tại thành phố biển.","Khách Sạn Đà Nẵng, Khách Sạn 3 Sao, Khách Sạn Giá Tốt",4,1,2022-12-23 19:03:13,2025-10-26 04:33:45,NULL
15,Four Points by Sheraton,5,2,2,3,"118 - 120, Võ Nguyên Giáp, Quận Sơn Trà, Đà Nẵng, Việt Nam","16.0778929,108.2453039","<iframe src=\""https://www.google.com/maps/embed?pb=!1m18!1m12!1m3!1d3833.7643833582556!2d108.24307691468428!3d16.0777119888757!2m3!1f0!2f0!3f0!3m2!1i1024!2i768!4f13.1!3m3!1m2!1s0x3142178e95bda349%3A0x61ebd93becf8f96d!2zMTE4LCAxMjAgVsO1IE5ndXnDqm4gR2nDoXAsIFN0cmVldCwgU8ahbiBUcsOgLCDEkMOgIE7hurVuZyA1NTAwMDAsIFZp4buHdCBOYW0!5e0!3m2!1svi!2s!4v1671848960102!5m2!1svi!2s\"" width=\""784 \"" height=\""146 \"" style=\""border:0;\"" allowfullscreen=\""\"" loading=\""lazy\"" referrerpolicy=\""no-referrer-when-downgrade\""></iframe>",33.jpg,2921454,"Four Points by Sheraton Danang là khách sạn 5 sao (tương đương) nằm tại 118-120 Võ Nguyên Giáp, phường Phước Mỹ, quận Sơn Trà, TP. Đà Nẵng, Việt Nam. \r\n\r\nKhách sạn tọa lạc ngay ven biển, đối diện bãi biển Mỹ Khê – một trong những bãi biển đẹp của Đà Nẵng. \r\n\r\nKhách sạn có khoảng 390 phòng (theo dữ liệu từ nguồn) với thiết kế hiện đại, nhiều phòng có ban công hướng biển. \r\n\r\nMỗi phòng được trang bị đầy đủ tiện nghi như máy điều hòa, TV màn hình phẳng, minibar, phòng tắm riêng, ban công/hướng biển… (theo mô tả từ trang chính thức). \r\n\r\nTiện ích và dịch vụ tại Four Points by Sheraton Danang:\r\nHồ bơi ngoài trời trên tầng mái (rooftop) với tầm nhìn biển. \r\nNhà hàng “The Eatery”, lounge & rooftop bar “Horizon Bar” với nhiều loại bia cùng “Best Brews®”. \r\nSpa (Serenity Spa), trung tâm thể hình 24/7, khu vui chơi trẻ em.\r\nWiFi miễn phí cho thành viên, bãi đỗ xe miễn phí.\r\n\r\nDịch vụ hội nghị – sự kiện với phòng lớn và hiện đại.\r\n\r\nVị trí thuận lợi giúp du khách dễ dàng di chuyển đến:\r\n\r\nBãi biển Mỹ Khê ngay sát khách sạn.\r\n\r\nSân bay quốc tế Đà Nẵng cách khoảng 4-5 km (khoảng 10-15 phút lái xe).\r\n\r\nTrung tâm thành phố, chợ Hàn, Cầu Rồng cách chỉ vài km.\r\n\r\nVới tiêu chuẩn quốc tế, vị trí đắc địa ven biển và dịch vụ đầy đủ, Four Points by Sheraton Danang là lựa chọn xuất sắc cho du khách muốn kết hợp nghỉ dưỡng cao cấp và khám phá Đà Nẵng.","Khách Sạn Đà Nẵng, Khách Sạn 5 Sao, Khách Sạn Giá Tốt",2,1,2022-12-24 02:31:37,2025-10-26 05:09:32,NULL
16,Khách sạn Mandila Beach,5,3,8,8,"218, Võ Nguyên Giáp, Quận Sơn Trà, Đà Nẵng, Việt Nam","16.0674405,108.2447535","<iframe src=\""https://www.google.com/maps/embed?pb=!1m18!1m12!1m3!1d3833.761313186105!2d108.24321091442785!3d16.07787118887561!2m3!1f0!2f0!3f0!3m2!1i1024!2i768!4f13.1!3m3!1m2!1s0x3142178ebc260505%3A0xc6eeac18a1830e50!2sFour%20Points%20by%20Sheraton%20Danang!5e0!3m2!1svi!2s!4v1671849575027!5m2!1svi!2s\"" width=\""784 \"" height=\""146\"" style=\""border:0;\"" allowfullscreen=\""\"" loading=\""lazy\"" referrerpolicy=\""no-referrer-when-downgrade\""></iframe>",SVoDajCBSZmO4UvOc9ISLg-253.jpeg,3088288,"Mandila Beach Hotel Đà Nẵng là khách sạn 4 sao nằm tại 218 Võ Nguyên Giáp, quận Sơn Trà, TP. Đà Nẵng, Việt Nam. \r\nVới vị trí ngay sát biển Mỹ Khê và trên tuyến đường ven biển đẹp nhất thành phố, khách sạn mang tới trải nghiệm nghỉ dưỡng tiện nghi và rất thuận tiện cho du lịch. \r\n\r\nKhách sạn sở hữu khoảng 130 phòng nghỉ (theo nguồn đánh giá) và nhiều phòng có tầm nhìn hướng biển. \r\nMỗi phòng được trang bị tiện nghi hiện đại như điều hòa, TV màn hình phẳng, minibar hoặc tủ lạnh nhỏ, phòng tắm riêng với vòi sen, máy sấy tóc, đồ dùng vệ sinh cá nhân. Một số phòng còn có ban công hoặc cửa sổ hướng biển. \r\nTiện ích và dịch vụ tại Mandila Beach Hotel:\r\nHồ bơi vô cực ngoài trời (đặc biệt trên tầng cao có view biển) và Sky Lounge / Roof­top Bar với tầm nhìn hướng biển. \r\nNhà hàng “The Wooden House” phục vụ buffet sáng và ẩm thực Á-Âu; quầy bar “Halo Bar”. \r\nSpa “Royal Spa”, trung tâm thể hình hiện đại. \r\nLễ tân 24/7, dịch vụ đặt tour, thuê xe máy/ô tô, WiFi miễn phí trong toàn khách sạn. \r\nVị trí thuận lợi giúp du khách dễ dàng di chuyển đến:\r\nBãi biển Mỹ Khê chỉ vài phút đi bộ từ khách sạn. \r\nCách Cầu Rồng và Chợ Hàn khoảng 2-3 km. \r\nCách Sân bay Quốc tế Đà Nẵng khoảng 4.7-5 km (khoảng 10-15 phút lái xe tùy giao thông).","Khách Sạn Đà Nẵng, Khách Sạn 4 Sao, Khách Sạn Giá Tốt",5,1,2022-12-24 02:41:11,2025-10-26 05:13:29,NULL
17,Đà Nẵng Golden Bay,5,1,5,8,"01, Lê Văn Duyệt, Quận Sơn Trà, Đà Nẵng, Việt Nam","16.0976983,108.2245591","<iframe src=\""https://www.google.com/maps/embed?pb=!1m18!1m12!1m3!1d3833.396521732398!2d108.22265851442806!3d16.096776088863894!2m3!1f0!2f0!3f0!3m2!1i1024!2i768!4f13.1!3m3!1m2!1s0x3142181010ded0b9%3A0xb537e6de9fb098dc!2zMDEgTMOqIFbEg24gRHV54buHdCwgTuG6oWkgSGnDqm4gxJDDtG5nLCBTxqFuIFRyw6AsIMSQw6AgTuG6tW5nIDU1MDAwMCwgVmnhu4d0IE5hbQ!5e0!3m2!1svi!2s!4v1671850154078!5m2!1svi!2s\"" width=\""784 \"" height=\""146\"" style=\""border:0;\"" allowfullscreen=\""\"" loading=\""lazy\"" referrerpolicy=\""no-referrer-when-downgrade\""></iframe>",29403_QGEQ43WK47_2710.jpg,3057143,"Wyndham Danang Golden Bay là khách sạn 5 sao (theo định danh quốc tế) nằm tại 01 Lê Văn Duyệt, phường Nại Hiên Đông, quận Sơn Trà, TP. Đà Nẵng, Việt Nam. \r\n Với vị trí đắc địa ngay nơi con sông Hàn đổ ra biển, khách sạn nổi bật với kiến trúc dát vàng sang trọng và tầm nhìn bao quát ra vịnh Đà Nẵng, bán đảo Sơn Trà, biển Đông. \r\n\r\nKhách sạn sở hữu khoảng 949 phòng và suite — gồm nhiều hạng phòng từ Deluxe, Deluxe Golden Bay, Executive, Suite góc đến Presidential Suite với diện tích lớn — tất cả đều được trang bị ban công hoặc cửa kính lớn hướng ra cảnh biển/sông/thành phố. \r\n Mỗi phòng đều có tiện nghi đầy đủ: WiFi tốc độ cao, TV màn hình phẳng, tủ lạnh cá nhân, két an toàn, minibar, và đồ dùng vệ sinh cao cấp. \r\nTiện ích và dịch vụ tại Wyndham Danang Golden Bay:\r\nHồ bơi vô cực dát vàng 24 K nằm ở tầng 29 với tầm nhìn toàn cảnh ra sông Hàn và biển. \r\nNhà hàng & quầy bar cao cấp như F29 Golden Beef & Sky Bar, The Horizon Restaurant, Golden Square, Golden Beer Garden phục vụ ẩm thực Việt – quốc tế – halal. \r\nSpa “Golden Luxury Spa”, phòng gym/fitness centre, khu kid’s club, Wonder Park giải trí. \r\nTrung tâm hội nghị và sự kiện chuyên nghiệp với ballroom lớn và phòng họp linh hoạt. \r\nDịch vụ lễ tân 24 giờ, đưa đón sân bay, đặt tour, thuê xe, WiFi miễn phí. \r\nVị trí thuận lợi giúp du khách dễ dàng di chuyển đến:\r\nCách Sân bay Quốc tế Đà Nẵng khoảng 9 km (tùy giao thông). \r\nGần các điểm tham quan như cầu Thuận Phước, bán đảo Sơn Trà và cách trung tâm thành phố chỉ vài phút. \r\nVới kiến trúc nổi bật, dịch vụ đẳng cấp quốc tế và vị trí lý tưởng bên bờ sông – biển, Wyndham Danang Golden Bay là lựa chọn sang trọng và ấn tượng cho du khách nghỉ dưỡng, tổ chức sự kiện hoặc tiết kiệm thời gian di chuyển khi đến Đà Nẵng.","Khách Sạn Đà Nẵng, Khách Sạn 5 Sao, Khách Sạn Giá Tốt",31,1,2022-12-24 02:50:43,2025-10-26 05:44:54,NULL
18,Cicilia Hotels & Spa Danang,5,1,4,7,"6-8-10, Đỗ Bá, Quận Ngũ Hành Sơn, Đà Nẵng, Việt Nam","16.052111,108.2466021","<iframe src=\""https://www.google.com/maps/embed?pb=!1m18!1m12!1m3!1d3834.258736005639!2d108.2443832146839!3d16.052057888891543!2m3!1f0!2f0!3f0!3m2!1i1024!2i768!4f13.1!3m3!1m2!1s0x3142177ae0bde10f%3A0x1b8b3008a40e9c3f!2sCicilia%20Danang%20Hotel%20%26%20Spa!5e0!3m2!1svi!2s!4v1671850652662!5m2!1svi!2s\"" width=\""784 \"" height=\""146\"" style=\""border:0;\"" allowfullscreen=\""\"" loading=\""lazy\"" referrerpolicy=\""no-referrer-when-downgrade\""></iframe>",ES9WIGpST-SXFNLIUU-QWw-3348.jpeg,2625000,"Cicilia Hotels & Spa Danang là khách sạn 4-sao nằm tại Số 06-08-10 Đỗ Bá, T20 Beach, phường Mỹ An, quận Ngũ Hành Sơn, TP. Đà Nẵng, Việt Nam. \r\n\r\n Với vị trí gần sát bãi biển Bãi biển Mỹ Khê (chỉ vài phút đi bộ) và nằm trong khu du lịch ven biển sôi động, khách sạn thích hợp cả cho du lịch nghỉ dưỡng và công tác. \r\nKhách sạn cung cấp hệ thống phòng nghỉ tiện nghi, hiện đại với nhiều phòng có ban công hoặc cửa sổ hướng biển hoặc thành phố. Ví dụ: mỗi phòng đều được trang bị điều hòa, TV màn hình phẳng, minibar hoặc tủ lạnh nhỏ, phòng tắm riêng với vòi sen và đồ dùng vệ sinh cá nhân. \r\nTiện ích và dịch vụ tại Cicilia Hotels & Spa Danang:\r\nCó hồ bơi ngoài trời và rooftop pool (ví dụ “rooftop Infinity pool” ở tầng cao) với view nhìn biển. \r\nNhà hàng & quầy bar phục vụ ẩm thực đa dạng; khu spa, phòng xông hơi (sauna) và khu vực gym hiện đại. \r\nLễ tân 24/7, dịch vụ thuê xe, đặt tour và WiFi miễn phí trong toàn khách sạn. \r\nVị trí thuận lợi giúp du khách dễ dàng di chuyển đến:\r\nBãi biển Mỹ Khê chỉ vài phút đi bộ từ khách sạn. \r\nCách Cầu Rồng và Chợ Hàn khoảng 2-4 km (tuỳ cung đường). \r\nCách Sân bay Quốc tế Đà Nẵng khoảng 7-10 km (khoảng 10-15 phút lái xe tuỳ giao thông). \r\nVới tiêu chuẩn 4 sao, vị trí sát biển và dịch vụ tiện nghi, Cicilia Hotels & Spa Danang là lựa chọn hợp lý cho du khách muốn nghỉ dưỡng gần biển và thuận tiện tại thành phố biển Đà Nẵng.","Khách Sạn Đà Nẵng, Khách Sạn 4 Sao, Khách Sạn Giá Tốt",6,1,2022-12-24 02:59:36,2025-10-26 05:17:11,NULL
19,The Blossom Resort Island,5,1,3,4,"Lô A1-a2, Khu Biệt Thự Đảo Xanh Mở Rộng, Khu Đảo Xanh, Quận Hải Châu, Đà Nẵng, Việt Nam","16.0450781,108.2269224","<iframe src=\""https://www.google.com/maps/embed?pb=!1m18!1m12!1m3!1d3834.3938326821412!2d108.2247702146838!3d16.04504018889589!2m3!1f0!2f0!3f0!3m2!1i1024!2i768!4f13.1!3m3!1m2!1s0x314219dca34ae1d3%3A0x66a4d38a6e610248!2sThe%20Blossom%20Resort%20Island%20-%20All%20Inclusive!5e0!3m2!1svi!2s!4v1671851185849!5m2!1svi!2s\"" width=\""784 \"" height=\""146\"" style=\""border:0;\"" allowfullscreen=\""\"" loading=\""lazy\"" referrerpolicy=\""no-referrer-when-downgrade\""></iframe>",poolside8-253.jpeg,2320250,"The Blossom Resort Island Đà Nẵng là khu nghỉ dưỡng (khoảng 4 – 5 sao) nằm tại Lô A1-A2, Khu “Đảo Xanh” mở rộng (Zone of the Villas of Green Island), phường Hòa Cường Bắc, quận Hải Châu, TP. Đà Nẵng, Việt Nam, mã bưu điện 23445. \r\nVới vị trí bên bờ sông Hàn và gần trung tâm thành phố, khu nghỉ dưỡng mang đến không gian thư giãn giữa thiên nhiên xanh mát ngay trong lòng Đà Nẵng. \r\nKhách sạn cung cấp hệ thống phòng nghỉ và villa sang trọng với thiết kế hiện đại và hướng tới việc thư giãn: mỗi phòng được trang bị điều hòa, TV màn hình phẳng, minibar, phòng tắm riêng và nhiều phòng có ban công hoặc cửa kính lớn hướng ra sông hoặc vườn. \r\nTiện ích và dịch vụ tại The Blossom Resort Island:\r\nHồ bơi vô cực với tầm nhìn ra vòng quay Sun Wheel và sông Hàn. \r\nKhu Onsen & spa kiểu Nhật (bồn tắm khoáng nóng ngoài trời, xông hơi khô và ướt) dành cho khách lưu trú. \r\nNhà hàng “Bianco Bistro & Wine” với hầm rượu lớn, phục vụ ẩm thực đa dạng Nhật-Hàn-Việt-Âu. \r\nKhu vườn ngoài trời (“The Garden”), không gian xanh mát để thư giãn. \r\nDịch vụ lễ tân 24/7, WiFi miễn phí, đưa đón sân bay, thuê xe và tour tham quan (theo các nguồn đánh giá). \r\n\r\nVị trí thuận lợi giúp du khách dễ dàng di chuyển đến:\r\nCách Sân bay Quốc tế Đà Nẵng khoảng 4–5 km (khoảng 10 phút lái xe). \r\nGần các điểm tham quan như cầu Trần Thị Lý, Sun Wheel, trung tâm thành phố. \r\nVới không gian nghỉ dưỡng độc đáo, thiết kế lấy cảm hứng từ thiên nhiên và dịch vụ chuẩn quốc tế, The Blossom Resort Island Đà Nẵng là lựa chọn lý tưởng cho du khách muốn nghỉ ngơi thư giãn hoặc tận hưởng kỳ nghỉ giữa lòng thành phố biển.","Khách Sạn Đà Nẵng, Khách Sạn 4 Sao, Khách Sạn Giá Tốt",17,1,2022-12-24 03:09:05,2025-10-26 05:23:00,NULL
20,Khách Sạn Eden Ocean View,5,1,7,7,"294, Võ Nguyên Giáp, Quận Ngũ Hành Sơn, Đà Nẵng, Việt Nam","16.0509917,108.248221","<iframe src=\""https://www.google.com/maps/embed?pb=!1m18!1m12!1m3!1d3834.3938326821412!2d108.2247702146838!3d16.04504018889589!2m3!1f0!2f0!3f0!3m2!1i1024!2i768!4f13.1!3m3!1m2!1s0x3142177ab7d9d951%3A0x2a718695d5b10c9a!2zMjk0IFbDtSBOZ3V5w6puIEdpw6FwLCBC4bqvYyBN4bu5IFBow7osIE5nxakgSMOgbmggU8ahbiwgxJDDoCBO4bq1bmcgNTUwMDAwLCBWaeG7h3QgTmFt!5e0!3m2!1svi!2s!4v1671851707301!5m2!1svi!2s\"" width=\""784 \"" height=\""146\"" style=\""border:0;\"" allowfullscreen=\""\"" loading=\""lazy\"" referrerpolicy=\""no-referrer-when-downgrade\""></iframe>",PkUzwx9MRvCveZg2Vnl76w-6-_DSC008047.jpeg,2026580,"Eden Ocean View Hotel Đà Nẵng là khách sạn 4 sao tọa lạc tại 294 Võ Nguyên Giáp, phường Mỹ An, quận Ngũ Hành Sơn, TP. Đà Nẵng, ngay đối diện bãi biển Mỹ Khê nổi tiếng. Số lượng phòng: 226 phòng và suite cao cấp với thiết kế tinh tế, trang nhã, nhiều phòng có ban công hoặc cửa sổ lớn hướng biển. Kiến trúc: Kết hợp hài hòa giữa phong cách Á – Âu, mang đến không gian nghỉ dưỡng sang trọng và thoải mái.\r\n\r\nTiện ích nổi bật\r\nHồ bơi trong nhà: Hồ bơi vô cực với tầm nhìn ra biển, mang đến trải nghiệm thư giãn tuyệt vời.\r\nSpa & phòng gym: Dịch vụ spa chất lượng cao và phòng gym hiện đại phục vụ nhu cầu thư giãn và rèn luyện sức khỏe.\r\nNhà hàng & quầy bar: Phục vụ đa dạng các món ăn quốc tế và đồ uống, đáp ứng nhu cầu ẩm thực của du khách.\r\nDịch vụ tiện ích: Wi-Fi miễn phí, lễ tân 24/7, đưa đón sân bay, cho thuê xe, phòng họp, dịch vụ phòng, đổi tiền, giúp khách hàng thuận tiện trong suốt kỳ nghỉ. \r\n📍 Vị trí thuận lợi\r\n\r\nGần biển: Chỉ vài bước chân ra bãi biển Mỹ Khê, một trong những bãi biển đẹp nhất Việt Nam.\r\nGần các điểm tham quan: Cách cầu Rồng khoảng 3,2 km, cầu Tình yêu 3,6 km và sân bay quốc tế Đà Nẵng khoảng 5 km. \r\nKhách sạn nhận được nhiều phản hồi tích cực từ du khách, đặc biệt về vị trí thuận lợi, dịch vụ chuyên nghiệp và tiện nghi hiện đại.","Khách Sạn Đà Nẵng, Khách Sạn 4 Sao, Khách Sạn Giá Tốt",14,1,2022-12-24 03:18:44,2025-10-26 05:27:53,NULL
21,Risemount Premier Resort ,5,1,5,7,"120, Nguyễn Văn Thoại, Quận Ngũ Hành Sơn, Đà Nẵng, Việt Nam","16.0546597,108.2420544","<iframe src=\""https://www.google.com/maps/embed?pb=!1m18!1m12!1m3!1d3834.279975426385!2d108.24598931442742!3d16.050954788892227!2m3!1f0!2f0!3f0!3m2!1i1024!2i768!4f13.1!3m3!1m2!1s0x3142177c0d456ba9%3A0x1a61830469193649!2zMTIwIE5ndXnhu4VuIFbEg24gVGhv4bqhaSwgQuG6r2MgTeG7uSBQaMO6LCBOZ8WpIEjDoG5oIFPGoW4sIMSQw6AgTuG6tW5nIDU1MDAwMCwgVmnhu4d0IE5hbQ!5e0!3m2!1svi!2s!4v1671852321561!5m2!1svi!2s\"" width=\""784 \"" height=\""146\"" style=\""border:0;\"" allowfullscreen=\""\"" loading=\""lazy\"" referrerpolicy=\""no-referrer-when-downgrade\""></iframe>",22811_HM3SP0T5F3_10200745570.jpg,1715143,"Những năm gần đây du lịch Đà Nẵng phát triển mạnh mẽ, nhanh đến chóng mặt. Đà Nẵng đã trở thành điểm đến của hàng triệu khách du lịch trong và ngoài nước. Xuất phát từ nhu cầu nghỉ ngơi của du khách, Risemount Premier Resort Đà Nẵng ngày một hiện đại hơn","Khách Sạn 5 Sao, Khách Sạn Đà Nẵng, Khách Sạn Giá Tốt",10,1,2022-12-24 03:26:41,2024-11-03 15:48:43,NULL
22,Hải Âu Hotel,3,1,5,7,"576 Cửa Đại, Cẩm Châu, Hội An, Quảng Nam 560000, Việt Nam",https://maps.app.goo.gl/GvPJmkJ4vhQMNuQz6,"<iframe src=\""https://www.google.com/maps/embed?pb=!1m18!1m12!1m3!1d3837.5606198475!2d108.33384370983397!3d15.879673984709122!2m3!1f0!2f0!3f0!3m2!1i1024!2i768!4f13.1!3m3!1m2!1s0x31420dd6904e5017%3A0xc23e88aebfbacfa7!2sHai%20Au%20boutique%20hotel!5e0!3m2!1svi!2s!4v1759760387365!5m2!1svi!2s\"" width=\""600\"" height=\""450\"" style=\""border:0;\"" allowfullscreen=\""\"" loading=\""lazy\"" referrerpolicy=\""no-referrer-when-downgrade\""></iframe>",8073524075.jpg,NULL,"Khách sạn có không gian thư thái, cách Bảo tàng Văn hóa Sa Huỳnh và Hội quán Quảng Đông 15 phút đi bộ, cách bãi biển Cửa Đại 5 km.\r\nPhòng ở bình dân, sáng sủa, có ban công, Wi-Fi, TV màn hình phẳng, dụng cụ pha trà và cà phê, bàn làm việc, tủ lạnh nhỏ và két an toàn. Khách sạn phục vụ ăn uống tại phòng.\r\nKhách sạn có các tiện nghi như nhà hàng với không gian thư thái, bể bơi ngoài trời, sân hiên và dịch vụ cho thuê xe đạp. Có chỗ đậu xe và bữa sáng tự chọn.","HaiAuHotel, 3sao",0,1,2025-10-06 14:34:34,NULL,NULL
23,Star Hotel and Spa - Fitness,4,2,7,8,"42 Loseby, Son Tra District, Da Nang, Vietnam Excellent location — rated 9/10!(score from 2071 reviews) Real guests • Real stays • Real opinions",https://maps.app.goo.gl/SR31iQ9GyBoBGF287,"<iframe src=\""https://www.google.com/maps/embed?pb=!1m18!1m12!1m3!1d3833.8460252732466!2d108.23880067477165!3d16.073477984606605!2m3!1f0!2f0!3f0!3m2!1i1024!2i768!4f13.1!3m3!1m2!1s0x31421788a02177b7%3A0x260e35d254902670!2sStar%20Hotel%20and%20Spa%20Danang!5e0!3m2!1svi!2s!4v1761448547965!5m2!1svi!2s\"" width=\""600\"" height=\""450\"" style=\""border:0;\"" allowfullscreen=\""\"" loading=\""lazy\"" referrerpolicy=\""no-referrer-when-downgrade\""></iframe>",5736743443.jpg,NULL,"Nằm cách bãi biển Phạm Văn Đồng chỉ 200 mét, Star Hotel and Spa - Fitness Đà Nẵng là điểm dừng chân lý tưởng cho du khách muốn tận hưởng kỳ nghỉ thư giãn bên bờ biển. Khách sạn cung cấp các phòng nghỉ hiện đại, sang trọng, được trang bị đầy đủ tiện nghi với tầm nhìn hướng biển tuyệt đẹp. WiFi miễn phí được cung cấp trong toàn bộ khuôn viên.\r\n\r\nCác phòng tại khách sạn rộng rãi, được thiết kế trang nhã và trang bị điều hòa không khí, TV màn hình phẳng, minibar, khu vực ghế ngồi thoải mái cùng phòng tắm riêng có vòi sen và đồ vệ sinh cá nhân miễn phí. Một số phòng chọn lọc còn có ban công riêng hướng ra biển.\r\n\r\nKhách lưu trú có thể tận hưởng nhiều dịch vụ tiện ích như hồ bơi ngoài trời, phòng gym hiện đại, spa thư giãn với các liệu pháp chăm sóc sức khỏe và sắc đẹp. Nhà hàng trong khuôn viên phục vụ các món ăn Việt Nam và quốc tế, cùng quầy bar sang trọng với nhiều loại đồ uống hấp dẫn.\r\n\r\nNgoài ra, khách sạn còn cung cấp dịch vụ thuê xe máy, xe hơi, cùng bàn đặt tour hỗ trợ khách khám phá các điểm du lịch nổi tiếng của Đà Nẵng và vùng lân cận.\r\n\r\nVị trí thuận tiện của khách sạn:\r\n\r\nCách Chợ Hàn khoảng 3 km\r\n\r\nCách Sân bay Quốc tế Đà Nẵng 5 km\r\n\r\nCách Ngũ Hành Sơn và Bán đảo Sơn Trà khoảng 10 phút lái xe\r\n\r\nCách Phố cổ Hội An khoảng 30 km\r\n\r\nVới vị trí gần biển, dịch vụ chuyên nghiệp và không gian hiện đại, Star Hotel and Spa - Fitness Đà Nẵng là lựa chọn hoàn hảo cho cả du khách nghỉ dưỡng lẫn công tác.",Fitness,0,1,2025-10-26 03:19:45,NULL,NULL
