gallery_room_id,room_id,gallery_room_name,gallery_room_image,gallery_room_content,created_at,deleted_at
20,2,45623_8232G1LMQV_GRAND-SUITE-(3),45623_8232G1LMQV_GRAND-SUITE-(3)8.jpg,Chưa có nội dung !,2022-11-09 16:19:33,NULL
21,2,45623_VISFP2PBM1_GRAND-SUITE-(2),45623_VISFP2PBM1_GRAND-SUITE-(2)54.jpg,Chưa có nội dung !,2022-11-09 16:19:33,NULL
22,2,45623_YGMOPRD9SF_GRAND-SUITE-(4),45623_YGMOPRD9SF_GRAND-SUITE-(4)33.jpg,Chưa có nội dung !,2022-11-09 16:19:33,NULL
23,2,photos_BA2DC9R8V5__tmp_playtemp8065542705427177172_multipartBody8263703920278520742asTemporaryFile,photos_BA2DC9R8V5__tmp_playtemp8065542705427177172_multipartBody8263703920278520742asTemporaryFile77.jfif,Chưa có nội dung !,2022-11-09 16:19:33,NULL
24,2,photos_V225UTDXAL__tmp_playtemp8065542705427177172_multipartBody2090914398915981361asTemporaryFile,photos_V225UTDXAL__tmp_playtemp8065542705427177172_multipartBody2090914398915981361asTemporaryFile98.jfif,Chưa có nội dung !,2022-11-09 16:19:33,NULL
25,2,photos_VFBCE6OVD9__tmp_playtemp8065542705427177172_multipartBody5015695692864059316asTemporaryFile,photos_VFBCE6OVD9__tmp_playtemp8065542705427177172_multipartBody5015695692864059316asTemporaryFile25.jfif,Chưa có nội dung !,2022-11-09 16:19:33,NULL
26,3,photos_2GZ4AKXHXP__tmp_playtemp8065542705427177172_multipartBody6124056577060166012asTemporaryFile,photos_2GZ4AKXHXP__tmp_playtemp8065542705427177172_multipartBody6124056577060166012asTemporaryFile24.jfif,Chưa có nội dung !,2022-11-09 16:19:47,NULL
27,3,photos_5U8KDRWWXJ__tmp_playtemp8065542705427177172_multipartBody5497779024820296510asTemporaryFile,photos_5U8KDRWWXJ__tmp_playtemp8065542705427177172_multipartBody5497779024820296510asTemporaryFile53.jfif,Chưa có nội dung !,2022-11-09 16:19:47,NULL
28,3,photos_6KC43QSMVF__tmp_playtemp8065542705427177172_multipartBody7432058694583193243asTemporaryFile,photos_6KC43QSMVF__tmp_playtemp8065542705427177172_multipartBody7432058694583193243asTemporaryFile52.jfif,Chưa có nội dung !,2022-11-09 16:19:47,NULL
29,3,photos_14HY44JHFI__tmp_playtemp8065542705427177172_multipartBody5756730443587435410asTemporaryFile,photos_14HY44JHFI__tmp_playtemp8065542705427177172_multipartBody5756730443587435410asTemporaryFile38.jfif,Chưa có nội dung !,2022-11-09 16:19:47,NULL
30,3,photos_NJM9X62O52__tmp_playtemp8065542705427177172_multipartBody9169668318502362069asTemporaryFile,photos_NJM9X62O52__tmp_playtemp8065542705427177172_multipartBody9169668318502362069asTemporaryFile9.jfif,Chưa có nội dung !,2022-11-09 16:19:47,NULL
31,3,photos_ON41JCB2AZ__tmp_playtemp8065542705427177172_multipartBody7110161233802501672asTemporaryFile,photos_ON41JCB2AZ__tmp_playtemp8065542705427177172_multipartBody7110161233802501672asTemporaryFile72.jfif,Chưa có nội dung !,2022-11-09 16:19:47,NULL
32,5,photos_BBIZMARRH1__tmp_playtemp8065542705427177172_multipartBody9156370589746065793asTemporaryFile,photos_BBIZMARRH1__tmp_playtemp8065542705427177172_multipartBody9156370589746065793asTemporaryFile34.jfif,Chưa có nội dung !,2022-11-09 16:20:09,NULL
33,5,photos_JTDVBKCE6K__tmp_playtemp8065542705427177172_multipartBody681062406435386945asTemporaryFile,photos_JTDVBKCE6K__tmp_playtemp8065542705427177172_multipartBody681062406435386945asTemporaryFile2.jfif,Chưa có nội dung !,2022-11-09 16:20:09,NULL
34,5,photos_N7IT26U82G__tmp_playtemp8065542705427177172_multipartBody4693596516512091483asTemporaryFile,photos_N7IT26U82G__tmp_playtemp8065542705427177172_multipartBody4693596516512091483asTemporaryFile12.jfif,Chưa có nội dung !,2022-11-09 16:20:09,NULL
35,5,photos_TW6EZAXSPR__tmp_playtemp8065542705427177172_multipartBody8620729709292563780asTemporaryFile,photos_TW6EZAXSPR__tmp_playtemp8065542705427177172_multipartBody8620729709292563780asTemporaryFile73.jfif,Chưa có nội dung !,2022-11-09 16:20:09,NULL
36,5,photos_X675X92ZFM__tmp_playtemp8065542705427177172_multipartBody8452613549746471179asTemporaryFile,photos_X675X92ZFM__tmp_playtemp8065542705427177172_multipartBody8452613549746471179asTemporaryFile82.jfif,Chưa có nội dung !,2022-11-09 16:20:09,NULL
37,18,deluxe-room-1,deluxe-room-164.jpg,Chưa có nội dung !,2022-12-23 08:46:41,NULL
38,18,deluxe-room-6,deluxe-room-66.jpg,Chưa có nội dung !,2022-12-23 08:46:41,NULL
39,18,deluxe-room-7,deluxe-room-773.jpg,Chưa có nội dung !,2022-12-23 08:46:41,NULL
40,18,deluxe-room-8,deluxe-room-855.jpg,Chưa có nội dung !,2022-12-23 08:46:41,NULL
41,19,deluxe-room---city-view-1,deluxe-room---city-view-154.jpg,Chưa có nội dung !,2022-12-23 08:47:51,NULL
42,19,deluxe-room---city-view-4,deluxe-room---city-view-453.jpg,Chưa có nội dung !,2022-12-23 08:47:51,NULL
43,19,deluxe-room---city-view-5,deluxe-room---city-view-546.jpg,Chưa có nội dung !,2022-12-23 08:47:51,NULL
44,19,deluxe-room---city-view-6,deluxe-room---city-view-665.jpg,Chưa có nội dung !,2022-12-23 08:47:51,NULL
45,20,1,164.jpg,Chưa có nội dung !,2022-12-23 08:48:49,NULL
46,20,2,214.jpg,Chưa có nội dung !,2022-12-23 08:48:49,NULL
47,20,3,321.jpg,Chưa có nội dung !,2022-12-23 08:48:49,NULL
48,20,7,795.jpg,Chưa có nội dung !,2022-12-23 08:48:49,NULL
49,15,23187c1fc04dcfbc05bb4ae341d39f65,23187c1fc04dcfbc05bb4ae341d39f6519.jpg,Chưa có nội dung !,2022-12-23 08:53:49,NULL
50,15,dcf59f78858774fc80d3b7a67592d0e4,dcf59f78858774fc80d3b7a67592d0e417.jpg,Chưa có nội dung !,2022-12-23 08:53:49,NULL
51,15,dsc00808-edit,dsc00808-edit32.jpg,Chưa có nội dung !,2022-12-23 08:53:49,NULL
52,15,grand-touruer-10,grand-touruer-1059.jpg,Chưa có nội dung !,2022-12-23 08:53:49,NULL
53,16,23187c1fc04dcfbc05bb4ae341d39f65,23187c1fc04dcfbc05bb4ae341d39f6599.jpg,Chưa có nội dung !,2022-12-23 08:54:37,NULL
54,16,dcf59f78858774fc80d3b7a67592d0e4,dcf59f78858774fc80d3b7a67592d0e44.jpg,Chưa có nội dung !,2022-12-23 08:54:37,NULL
55,16,dsc09935-edit-copy,dsc09935-edit-copy37.jpg,Chưa có nội dung !,2022-12-23 08:54:37,NULL
56,16,grand-tourane-noi-that-3,grand-tourane-noi-that-349.jpg,Chưa có nội dung !,2022-12-23 08:54:37,NULL
57,17,dsc09910-edit-edit,dsc09910-edit-edit97.jpg,Chưa có nội dung !,2022-12-23 08:55:39,NULL
58,17,grand-touruer-10,grand-touruer-1041.jpg,Chưa có nội dung !,2022-12-23 08:55:39,NULL
59,17,Xe65baeRRS2cDlL8LjmrZw-72,Xe65baeRRS2cDlL8LjmrZw-7294.jpeg,Chưa có nội dung !,2022-12-23 08:55:39,NULL
60,17,Xe65baeRRS2cDlL8LjmrZw-73,Xe65baeRRS2cDlL8LjmrZw-7312.jpeg,Chưa có nội dung !,2022-12-23 08:55:39,NULL
61,21,1,143.jpg,Chưa có nội dung !,2022-12-23 09:06:44,NULL
62,21,2,262.jpg,Chưa có nội dung !,2022-12-23 09:06:44,NULL
63,21,4,444.jpg,Chưa có nội dung !,2022-12-23 09:06:44,NULL
64,21,5,511.jpg,Chưa có nội dung !,2022-12-23 09:06:44,NULL
65,22,2,277.jpg,Chưa có nội dung !,2022-12-23 09:06:54,NULL
66,22,3,312.jpg,Chưa có nội dung !,2022-12-23 09:06:54,NULL
67,22,4,434.jpg,Chưa có nội dung !,2022-12-23 09:06:54,NULL
68,22,5 (1),5 (1)32.jpg,Chưa có nội dung !,2022-12-23 09:06:54,NULL
69,23,2,258.jpg,Chưa có nội dung !,2022-12-23 09:07:05,NULL
70,23,3,362.jpg,Chưa có nội dung !,2022-12-23 09:07:05,NULL
71,23,4 (1),4 (1)56.jpg,Chưa có nội dung !,2022-12-23 09:07:05,NULL
72,23,5,510.jpg,Chưa có nội dung !,2022-12-23 09:07:05,NULL
73,10,422_E5M56T4Q2D_194940667,422_E5M56T4Q2D_19494066773.jpg,Chưa có nội dung !,2022-12-23 09:13:14,NULL
74,10,422_TCCGDWNNVR_110318274,422_TCCGDWNNVR_11031827456.jpg,Chưa có nội dung !,2022-12-23 09:13:14,NULL
75,10,hyatt-regency-danang-resort-and-spa-p383-standard-garden-king-guestroom,hyatt-regency-danang-resort-and-spa-p383-standard-garden-king-guestroom20.jpg,Chưa có nội dung !,2022-12-23 09:13:14,NULL
76,10,hyatt-regency-danang-resort-and-spa-p384-standard-garden-twin-guestroom,hyatt-regency-danang-resort-and-spa-p384-standard-garden-twin-guestroom90.jpg,Chưa có nội dung !,2022-12-23 09:13:14,NULL
77,9,4ea2f591_z,4ea2f591_z34.jpg,Chưa có nội dung !,2022-12-23 09:13:52,NULL
78,9,22bf9578_z,22bf9578_z27.jpg,Chưa có nội dung !,2022-12-23 09:13:52,NULL
79,9,98a23f13_z,98a23f13_z50.jpg,Chưa có nội dung !,2022-12-23 09:13:52,NULL
80,9,5461e712_z,5461e712_z72.jpg,Chưa có nội dung !,2022-12-23 09:13:52,NULL
81,11,23ddc28f7f0a0951d672263a796b9a7c,23ddc28f7f0a0951d672263a796b9a7c90.jpg,Chưa có nội dung !,2022-12-23 09:14:36,NULL
82,11,422_AOEKK37A4I_114417617,422_AOEKK37A4I_11441761717.jpg,Chưa có nội dung !,2022-12-23 09:14:36,NULL
83,11,230260870,23026087075.jpg,Chưa có nội dung !,2022-12-23 09:14:36,NULL
84,11,photos_TQBWKVNSFS__tmp_playtemp9150386112140494575_multipartBody4274278420470169316asTemporaryFile,photos_TQBWKVNSFS__tmp_playtemp9150386112140494575_multipartBody4274278420470169316asTemporaryFile12.jfif,Chưa có nội dung !,2022-12-23 09:14:36,NULL
85,6,1,196.jpg,Chưa có nội dung !,2022-12-23 09:17:29,NULL
86,6,2,294.jpg,Chưa có nội dung !,2022-12-23 09:17:29,NULL
87,6,3,346.jpg,Chưa có nội dung !,2022-12-23 09:17:29,NULL
88,6,5,569.jpg,Chưa có nội dung !,2022-12-23 09:17:29,NULL
89,7,2,268.jpg,Chưa có nội dung !,2022-12-23 09:18:04,NULL
90,7,3,333.jpg,Chưa có nội dung !,2022-12-23 09:18:04,NULL
91,7,4,430.jpg,Chưa có nội dung !,2022-12-23 09:18:04,NULL
92,7,5 (1),5 (1)29.jpg,Chưa có nội dung !,2022-12-23 09:18:04,NULL
93,8,1,15.jpg,Chưa có nội dung !,2022-12-23 09:18:43,NULL
94,8,35180_5DDFT09LMR_VPCRFDN_Lobby11,35180_5DDFT09LMR_VPCRFDN_Lobby1191.jpg,Chưa có nội dung !,2022-12-23 09:18:43,NULL
95,8,35180_LKLH41D98X_VPCRFDN_Facade13,35180_LKLH41D98X_VPCRFDN_Facade1327.jpg,Chưa có nội dung !,2022-12-23 09:18:43,NULL
96,8,35180_N74NGRIXJW_VPCRFDN_Executive Suite River View Room5,35180_N74NGRIXJW_VPCRFDN_Executive Suite River View Room540.jpg,Chưa có nội dung !,2022-12-23 09:18:43,NULL
97,24,deluxe---king-13,deluxe---king-1386.jpg,Chưa có nội dung !,2022-12-23 09:26:48,NULL
98,24,deluxe---king-23,deluxe---king-2361.jpg,Chưa có nội dung !,2022-12-23 09:26:48,NULL
99,24,deluxe---king-33,deluxe---king-3358.jpg,Chưa có nội dung !,2022-12-23 09:26:48,NULL
100,24,deluxe---king-63,deluxe---king-6311.jpg,Chưa có nội dung !,2022-12-23 09:26:48,NULL
101,25,deluxe---twin-13,deluxe---twin-1371.jpg,Chưa có nội dung !,2022-12-23 09:27:26,NULL
102,25,deluxe---twin-23,deluxe---twin-2388.jpg,Chưa có nội dung !,2022-12-23 09:27:26,NULL
103,25,deluxe---twin-33,deluxe---twin-3367.jpg,Chưa có nội dung !,2022-12-23 09:27:26,NULL
104,25,deluxe---twin-63,deluxe---twin-6398.jpg,Chưa có nội dung !,2022-12-23 09:27:26,NULL
105,26,deluxe---king-63,deluxe---king-6314.jpg,Chưa có nội dung !,2022-12-23 09:28:06,NULL
106,26,premium-deluxe---king-13 (1),premium-deluxe---king-13 (1)20.jpg,Chưa có nội dung !,2022-12-23 09:28:06,NULL
107,26,premium-deluxe---king-13,premium-deluxe---king-1349.jpg,Chưa có nội dung !,2022-12-23 09:28:06,NULL
108,26,premium-deluxe---king-23,premium-deluxe---king-2345.jpg,Chưa có nội dung !,2022-12-23 09:28:06,NULL
109,26,premium-deluxe---king-33,premium-deluxe---king-338.jpg,Chưa có nội dung !,2022-12-23 09:28:06,NULL
110,12,_KgSKL9jQ8mm-myNc9ZVww-89,_KgSKL9jQ8mm-myNc9ZVww-8965.jpeg,Chưa có nội dung !,2022-12-23 18:13:52,NULL
111,12,170121072,17012107269.jpg,Chưa có nội dung !,2022-12-23 18:13:52,NULL
112,12,170121079,17012107990.jpg,Chưa có nội dung !,2022-12-23 18:13:52,NULL
113,12,mxsMXp6KSciK6R2huKA7Uw-75,mxsMXp6KSciK6R2huKA7Uw-7517.jpeg,Chưa có nội dung !,2022-12-23 18:13:52,NULL
114,13,170121048,17012104864.jpg,Chưa có nội dung !,2022-12-23 18:14:36,NULL
115,13,170121049,17012104922.jpg,Chưa có nội dung !,2022-12-23 18:14:36,NULL
116,13,170121049-1,170121049-139.jpg,Chưa có nội dung !,2022-12-23 18:14:36,NULL
117,13,170121185,17012118582.jpg,Chưa có nội dung !,2022-12-23 18:14:36,NULL
118,14,170121048,17012104847.jpg,Chưa có nội dung !,2022-12-23 18:15:27,NULL
119,14,170121049,17012104920.jpg,Chưa có nội dung !,2022-12-23 18:15:27,NULL
120,14,170121049-1,170121049-166.jpg,Chưa có nội dung !,2022-12-23 18:15:27,NULL
121,14,170121185,17012118565.jpg,Chưa có nội dung !,2022-12-23 18:15:27,NULL
122,27,3,364.jpg,Chưa có nội dung !,2022-12-23 18:26:23,NULL
123,27,4,41.jpg,Chưa có nội dung !,2022-12-23 18:26:23,NULL
124,27,le-sands-ocean-deluxe-cameo-1,le-sands-ocean-deluxe-cameo-156.jpg,Chưa có nội dung !,2022-12-23 18:26:23,NULL
125,27,le-sands-ocean-deluxe-twin-1,le-sands-ocean-deluxe-twin-139.jpg,Chưa có nội dung !,2022-12-23 18:26:23,NULL
126,28,1,18.jpg,Chưa có nội dung !,2022-12-23 18:27:13,NULL
127,28,3,389.jpg,Chưa có nội dung !,2022-12-23 18:27:13,NULL
128,28,le-sands-ocean-deluxe-double-1,le-sands-ocean-deluxe-double-151.jpg,Chưa có nội dung !,2022-12-23 18:27:13,NULL
129,28,le-sands-ocean-deluxe-double-2,le-sands-ocean-deluxe-double-213.jpg,Chưa có nội dung !,2022-12-23 18:27:13,NULL
130,29,le-sands-ocean-deluxe-bathroom-1,le-sands-ocean-deluxe-bathroom-182.jpg,Chưa có nội dung !,2022-12-23 18:27:50,NULL
131,29,le-sands-ocean-deluxe-cameo-2,le-sands-ocean-deluxe-cameo-22.jpg,Chưa có nội dung !,2022-12-23 18:27:50,NULL
132,29,le-sands-ocean-deluxe-twin-1,le-sands-ocean-deluxe-twin-153.jpg,Chưa có nội dung !,2022-12-23 18:27:50,NULL
133,29,le-sands-ocean-deluxe-twin-2,le-sands-ocean-deluxe-twin-293.jpg,Chưa có nội dung !,2022-12-23 18:27:50,NULL
134,30,3faa23b8,3faa23b876.jpg,Chưa có nội dung !,2022-12-23 18:36:31,NULL
135,30,2486094_18011815450061166003,2486094_1801181545006116600339.jpg,Chưa có nội dung !,2022-12-23 18:36:31,NULL
136,30,125834586,12583458630.jpg,Chưa có nội dung !,2022-12-23 18:36:31,NULL
137,30,db8dd21b,db8dd21b14.jpg,Chưa có nội dung !,2022-12-23 18:36:31,NULL
138,31,0f13f82e,0f13f82e28.jpg,Chưa có nội dung !,2022-12-23 18:37:13,NULL
140,31,s4h1516094709_khach_san_dana_marina,s4h1516094709_khach_san_dana_marina43.jpg,Chưa có nội dung !,2022-12-23 18:37:13,NULL
141,31,ssl1516094716_khach_san_dana_marina,ssl1516094716_khach_san_dana_marina34.jpg,Chưa có nội dung !,2022-12-23 18:37:13,NULL
142,31,ssl1516094716_khach_san_dana_marina,ssl1516094716_khach_san_dana_marina61.jpg,Chưa có nội dung !,2022-12-23 18:38:03,NULL
143,33,1,195.jpg,Chưa có nội dung !,2022-12-23 18:47:20,NULL
144,33,sup,sup74.jpg,Chưa có nội dung !,2022-12-23 18:47:20,NULL
145,33,sup1,sup114.jpg,Chưa có nội dung !,2022-12-23 18:47:20,NULL
146,33,z3853686043814_b471469f9a49a70fbb374d610b7a6ca0,z3853686043814_b471469f9a49a70fbb374d610b7a6ca066.jpg,Chưa có nội dung !,2022-12-23 18:47:20,NULL
147,34,11,1128.jpg,Chưa có nội dung !,2022-12-23 18:48:01,NULL
148,34,13,1395.jpg,Chưa có nội dung !,2022-12-23 18:48:01,NULL
149,34,37d05a73,37d05a732.jpg,Chưa có nội dung !,2022-12-23 18:48:01,NULL
150,34,GwUzZzmZQ2qS_tN4sd4PtA-12,GwUzZzmZQ2qS_tN4sd4PtA-1287.jpeg,Chưa có nội dung !,2022-12-23 18:48:01,NULL
151,35,1111,11112.jpg,Chưa có nội dung !,2022-12-23 18:48:55,NULL
152,35,1112,111260.jpg,Chưa có nội dung !,2022-12-23 18:48:55,NULL
153,35,z3903433331955_a09c4b446c127bad1b7a2da0147b5d51,z3903433331955_a09c4b446c127bad1b7a2da0147b5d5147.jpg,Chưa có nội dung !,2022-12-23 18:48:55,NULL
154,35,z3903433339520_35851348ee72b2a10d78bf69fb42d67d,z3903433339520_35851348ee72b2a10d78bf69fb42d67d28.jpg,Chưa có nội dung !,2022-12-23 18:48:55,NULL
155,36,139590463,1395904634.jpg,Chưa có nội dung !,2022-12-23 18:56:10,NULL
156,36,139591172,13959117282.jpg,Chưa có nội dung !,2022-12-23 18:56:10,NULL
157,36,281652130,28165213059.jpg,Chưa có nội dung !,2022-12-23 18:56:10,NULL
158,36,281652140,28165214036.jpg,Chưa có nội dung !,2022-12-23 18:56:10,NULL
159,37,139587849,13958784940.jpg,Chưa có nội dung !,2022-12-23 18:56:57,NULL
160,37,139589951,13958995182.jpg,Chưa có nội dung !,2022-12-23 18:56:57,NULL
161,37,268417742,26841774287.jpg,Chưa có nội dung !,2022-12-23 18:56:57,NULL
162,37,271340613,27134061398.jpg,Chưa có nội dung !,2022-12-23 18:56:57,NULL
163,38,139590752-1,139590752-184.jpg,Chưa có nội dung !,2022-12-23 18:57:50,NULL
164,38,139590782,13959078237.jpg,Chưa có nội dung !,2022-12-23 18:57:50,NULL
165,38,139590793,13959079375.jpg,Chưa có nội dung !,2022-12-23 18:57:50,NULL
166,38,226582810,22658281092.jpg,Chưa có nội dung !,2022-12-23 18:57:50,NULL
167,39,1,161.jpg,Chưa có nội dung !,2022-12-23 19:06:10,NULL
169,39,5f27e9327b7eb923b35eee8bd81d0a08,5f27e9327b7eb923b35eee8bd81d0a0836.png,Chưa có nội dung !,2022-12-23 19:06:10,NULL
170,39,187025479,18702547961.jpg,Chưa có nội dung !,2022-12-23 19:06:10,NULL
171,40,1,174.jpg,Chưa có nội dung !,2022-12-23 19:06:48,NULL
172,40,3,322.jpg,Chưa có nội dung !,2022-12-23 19:06:48,NULL
173,40,4,47.jpg,Chưa có nội dung !,2022-12-23 19:06:48,NULL
174,40,6,681.jpg,Chưa có nội dung !,2022-12-23 19:06:48,NULL
175,41,9,941.jpg,Chưa có nội dung !,2022-12-23 19:07:41,NULL
176,41,10,1025.jpg,Chưa có nội dung !,2022-12-23 19:07:41,NULL
177,41,12,1245.jpg,Chưa có nội dung !,2022-12-23 19:07:41,NULL
178,41,13,1339.jpg,Chưa có nội dung !,2022-12-23 19:07:41,NULL
179,32,9,926.jpg,Chưa có nội dung !,2022-12-23 19:12:36,NULL
180,32,10,1080.jpg,Chưa có nội dung !,2022-12-23 19:12:36,NULL
181,32,12,1283.jpg,Chưa có nội dung !,2022-12-23 19:12:36,NULL
182,32,13,130.jpg,Chưa có nội dung !,2022-12-23 19:12:36,NULL
183,42,293df4e3e75c2c4abee7b51b07c25fd3,293df4e3e75c2c4abee7b51b07c25fd35.jpg,Chưa có nội dung !,2022-12-24 02:34:51,NULL
184,42,photos_HXNVZN4C9Z__tmp_playtemp7458377284404767097_multipartBody1473705047806690222asTemporaryFile,photos_HXNVZN4C9Z__tmp_playtemp7458377284404767097_multipartBody1473705047806690222asTemporaryFile1.jfif,Chưa có nội dung !,2022-12-24 02:34:51,NULL
185,42,photos_PXB0QACP28__tmp_playtemp7458377284404767097_multipartBody3084394181656001311asTemporaryFile,photos_PXB0QACP28__tmp_playtemp7458377284404767097_multipartBody3084394181656001311asTemporaryFile90.jfif,Chưa có nội dung !,2022-12-24 02:34:51,NULL
186,43,b2e1b39b3939c51d41c121ad10d1f40d,b2e1b39b3939c51d41c121ad10d1f40d47.jpg,Chưa có nội dung !,2022-12-24 02:35:31,NULL
187,43,photos_8V76B67OHN__tmp_playtemp7458377284404767097_multipartBody7990948807478145368asTemporaryFile,photos_8V76B67OHN__tmp_playtemp7458377284404767097_multipartBody7990948807478145368asTemporaryFile71.jfif,Chưa có nội dung !,2022-12-24 02:35:31,NULL
188,43,photos_JITT86J8SB__tmp_playtemp7458377284404767097_multipartBody4685453065486123657asTemporaryFile,photos_JITT86J8SB__tmp_playtemp7458377284404767097_multipartBody4685453065486123657asTemporaryFile31.jfif,Chưa có nội dung !,2022-12-24 02:35:31,NULL
189,44,293df4e3e75c2c4abee7b51b07c25fd3,293df4e3e75c2c4abee7b51b07c25fd332.jpg,Chưa có nội dung !,2022-12-24 02:36:16,NULL
190,44,b2e1b39b3939c51d41c121ad10d1f40d,b2e1b39b3939c51d41c121ad10d1f40d46.jpg,Chưa có nội dung !,2022-12-24 02:36:16,NULL
191,44,photos_JITT86J8SB__tmp_playtemp7458377284404767097_multipartBody4685453065486123657asTemporaryFile,photos_JITT86J8SB__tmp_playtemp7458377284404767097_multipartBody4685453065486123657asTemporaryFile75.jfif,Chưa có nội dung !,2022-12-24 02:36:16,NULL
192,45,chi07547-edit,chi07547-edit74.jpg,Chưa có nội dung !,2022-12-24 02:44:43,NULL
193,45,deluxe-twin-resize,deluxe-twin-resize5.png,Chưa có nội dung !,2022-12-24 02:44:43,NULL
194,45,k_AXtJzJQQOzb-SECGNXiA-278,k_AXtJzJQQOzb-SECGNXiA-27895.jpeg,Chưa có nội dung !,2022-12-24 02:44:43,NULL
195,45,NTE-u9MwTFSn59nRar1k5w-514,NTE-u9MwTFSn59nRar1k5w-51491.jpeg,Chưa có nội dung !,2022-12-24 02:44:43,NULL
196,46,chi07528-edit,chi07528-edit22.jpg,Chưa có nội dung !,2022-12-24 02:45:22,NULL
197,46,chi07547-edit,chi07547-edit30.jpg,Chưa có nội dung !,2022-12-24 02:45:22,NULL
198,46,jfMvp-RiTXqg3zoAqwsOmw-295,jfMvp-RiTXqg3zoAqwsOmw-29538.jpeg,Chưa có nội dung !,2022-12-24 02:45:22,NULL
199,46,jfMvp-RiTXqg3zoAqwsOmw-296,jfMvp-RiTXqg3zoAqwsOmw-29669.jpeg,Chưa có nội dung !,2022-12-24 02:45:22,NULL
200,47,8bot_rgdRga4Dv1zVW1CHg-0,8bot_rgdRga4Dv1zVW1CHg-076.jpeg,Chưa có nội dung !,2022-12-24 02:46:04,NULL
201,47,jfMvp-RiTXqg3zoAqwsOmw-297,jfMvp-RiTXqg3zoAqwsOmw-29779.jpeg,Chưa có nội dung !,2022-12-24 02:46:04,NULL
202,47,k_AXtJzJQQOzb-SECGNXiA-280,k_AXtJzJQQOzb-SECGNXiA-28049.jpeg,Chưa có nội dung !,2022-12-24 02:46:04,NULL
203,47,partial-king-resize,partial-king-resize54.png,Chưa có nội dung !,2022-12-24 02:46:04,NULL
204,48,29403_5PK588DRAP_1-,29403_5PK588DRAP_1-57.jpg,Chưa có nội dung !,2022-12-24 02:53:20,NULL
205,48,29403_35AR53UY5W_28,29403_35AR53UY5W_283.jpg,Chưa có nội dung !,2022-12-24 02:53:20,NULL
206,48,photos_B5G1ES80BN__tmp_playtemp7458377284404767097_multipartBody5944432618838289494asTemporaryFile,photos_B5G1ES80BN__tmp_playtemp7458377284404767097_multipartBody5944432618838289494asTemporaryFile34.jfif,Chưa có nội dung !,2022-12-24 02:53:20,NULL
207,48,photos_U1D4Q1KCEP__tmp_playtemp7458377284404767097_multipartBody1981676071139028276asTemporaryFile,photos_U1D4Q1KCEP__tmp_playtemp7458377284404767097_multipartBody1981676071139028276asTemporaryFile24.jfif,Chưa có nội dung !,2022-12-24 02:53:20,NULL
208,49,1,181.jpg,Chưa có nội dung !,2022-12-24 02:53:58,NULL
209,49,2,269.jpg,Chưa có nội dung !,2022-12-24 02:53:58,NULL
210,49,3,323.jpg,Chưa có nội dung !,2022-12-24 02:53:58,NULL
211,49,29403_35AR53UY5W_28,29403_35AR53UY5W_2840.jpg,Chưa có nội dung !,2022-12-24 02:53:59,NULL
212,50,2,277.jpg,Chưa có nội dung !,2022-12-24 02:54:40,NULL
213,50,3,370.jpg,Chưa có nội dung !,2022-12-24 02:54:40,NULL
214,50,photos_LMMDUY38TN__tmp_playtemp7458377284404767097_multipartBody216551872425421854asTemporaryFile,photos_LMMDUY38TN__tmp_playtemp7458377284404767097_multipartBody216551872425421854asTemporaryFile8.jfif,Chưa có nội dung !,2022-12-24 02:54:40,NULL
215,50,photos_VR3T0X5EXI__tmp_playtemp7458377284404767097_multipartBody2839818511034061530asTemporaryFile,photos_VR3T0X5EXI__tmp_playtemp7458377284404767097_multipartBody2839818511034061530asTemporaryFile86.jfif,Chưa có nội dung !,2022-12-24 02:54:40,NULL
216,51,_dhp2896-copy-2,_dhp2896-copy-287.jpg,Chưa có nội dung !,2022-12-24 03:01:32,NULL
217,51,_dhp2954-copy,_dhp2954-copy43.jpg,Chưa có nội dung !,2022-12-24 03:01:32,NULL
218,51,_dhp2962-edit-copy,_dhp2962-edit-copy53.jpg,Chưa có nội dung !,2022-12-24 03:01:32,NULL
219,51,cici,cici72.jpg,Chưa có nội dung !,2022-12-24 03:01:32,NULL
220,52,_dhp2775-copy,_dhp2775-copy85.jpg,Chưa có nội dung !,2022-12-24 03:02:07,NULL
221,52,_dhp2784-copy,_dhp2784-copy93.jpg,Chưa có nội dung !,2022-12-24 03:02:07,NULL
222,52,_dhp2798-a,_dhp2798-a59.jpg,Chưa có nội dung !,2022-12-24 03:02:07,NULL
223,52,_dhp2868-a,_dhp2868-a14.jpg,Chưa có nội dung !,2022-12-24 03:02:07,NULL
224,53,1,13.jpg,Chưa có nội dung !,2022-12-24 03:02:44,NULL
225,53,2fc60fc7,2fc60fc779.jpg,Chưa có nội dung !,2022-12-24 03:02:44,NULL
226,53,801---1,801---146.jpg,Chưa có nội dung !,2022-12-24 03:02:44,NULL
227,53,afaf43a5,afaf43a511.jpg,Chưa có nội dung !,2022-12-24 03:02:44,NULL
228,54,202,20214.jpg,Chưa có nội dung !,2022-12-24 03:11:09,NULL
229,54,img_1717,img_171748.jpg,Chưa có nội dung !,2022-12-24 03:11:09,NULL
230,54,img_1719,img_171953.jpg,Chưa có nội dung !,2022-12-24 03:11:09,NULL
231,54,img_1730,img_173084.jpg,Chưa có nội dung !,2022-12-24 03:11:09,NULL
232,55,3,355.jpg,Chưa có nội dung !,2022-12-24 03:11:43,NULL
233,55,4,489.jpg,Chưa có nội dung !,2022-12-24 03:11:43,NULL
234,55,9,93.jpg,Chưa có nội dung !,2022-12-24 03:11:43,NULL
235,55,10,1096.jpg,Chưa có nội dung !,2022-12-24 03:11:43,NULL
236,56,210-dulxe-king-street,210-dulxe-king-street72.jpg,Chưa có nội dung !,2022-12-24 03:12:15,NULL
237,56,210-dulxe-king-street-1,210-dulxe-king-street-130.jpg,Chưa có nội dung !,2022-12-24 03:12:15,NULL
238,56,210-dulxe-king-street-2,210-dulxe-king-street-279.jpg,Chưa có nội dung !,2022-12-24 03:12:15,NULL
239,56,210-dulxe-king-street-4,210-dulxe-king-street-490.jpg,Chưa có nội dung !,2022-12-24 03:12:15,NULL
240,57,be2efb85c8dbfc6fdb305fcd0ab37160,be2efb85c8dbfc6fdb305fcd0ab3716093.jpg,Chưa có nội dung !,2022-12-24 03:20:47,NULL
241,57,classic-1,classic-197.jpg,Chưa có nội dung !,2022-12-24 03:20:47,NULL
242,57,classic-3,classic-366.jpg,Chưa có nội dung !,2022-12-24 03:20:47,NULL
243,57,classic-4,classic-470.jpg,Chưa có nội dung !,2022-12-24 03:20:47,NULL
244,58,deluxe-twin-1,deluxe-twin-112.jpg,Chưa có nội dung !,2022-12-24 03:21:22,NULL
245,58,deluxe-twin-2,deluxe-twin-232.jpg,Chưa có nội dung !,2022-12-24 03:21:22,NULL
246,58,deluxe-twin-3,deluxe-twin-352.jpg,Chưa có nội dung !,2022-12-24 03:21:22,NULL
247,58,deluxe-twin-4,deluxe-twin-413.jpg,Chưa có nội dung !,2022-12-24 03:21:22,NULL
248,59,premium-1234,premium-123463.jpg,Chưa có nội dung !,2022-12-24 03:21:59,NULL
249,59,sea-side-twin,sea-side-twin44.jpg,Chưa có nội dung !,2022-12-24 03:21:59,NULL
250,59,sea-side-twin-2,sea-side-twin-262.jpg,Chưa có nội dung !,2022-12-24 03:21:59,NULL
251,59,toilet,toilet43.jpg,Chưa có nội dung !,2022-12-24 03:21:59,NULL
252,60,photos_3BQOIXLBO8__tmp_playtemp6771664243652320621_multipartBody7654549941202300293asTemporaryFile,photos_3BQOIXLBO8__tmp_playtemp6771664243652320621_multipartBody7654549941202300293asTemporaryFile22.jfif,Chưa có nội dung !,2022-12-24 03:28:43,NULL
253,60,photos_IOR2ABIH3H__tmp_playtemp6771664243652320621_multipartBody3760648411063274895asTemporaryFile,photos_IOR2ABIH3H__tmp_playtemp6771664243652320621_multipartBody3760648411063274895asTemporaryFile57.jfif,Chưa có nội dung !,2022-12-24 03:28:43,NULL
254,60,photos_K76OA0LKSM__tmp_playtemp6771664243652320621_multipartBody5061915830082727062asTemporaryFile,photos_K76OA0LKSM__tmp_playtemp6771664243652320621_multipartBody5061915830082727062asTemporaryFile34.jfif,Chưa có nội dung !,2022-12-24 03:28:43,NULL
255,60,superior-interior,superior-interior83.jpg,Chưa có nội dung !,2022-12-24 03:28:43,NULL
256,61,2019,201971.jpg,Chưa có nội dung !,2022-12-24 03:29:22,NULL
257,61,2019,201928.jpg,Chưa có nội dung !,2022-12-24 03:29:22,NULL
258,61,2019,201993.jpg,Chưa có nội dung !,2022-12-24 03:29:22,NULL
259,61,photos_GEFM42BNNN__tmp_playtemp6771664243652320621_multipartBody2070575775065890681asTemporaryFile,photos_GEFM42BNNN__tmp_playtemp6771664243652320621_multipartBody2070575775065890681asTemporaryFile6.jfif,Chưa có nội dung !,2022-12-24 03:29:22,NULL
260,62,superior-interior,superior-interior90.jpg,Chưa có nội dung !,2022-12-24 03:30:04,NULL
261,62,superior-twin-1,superior-twin-12.jpg,Chưa có nội dung !,2022-12-24 03:30:04,NULL
262,62,superior-twin-2,superior-twin-225.jpg,Chưa có nội dung !,2022-12-24 03:30:04,NULL
263,62,superior-twin-3,superior-twin-361.jpg,Chưa có nội dung !,2022-12-24 03:30:04,NULL
